<?xml version="1.0" encoding="UTF-8"?>
<gpx version="1.1" creator="GPX Inspector" xmlns="http://www.topografix.com/GPX/1/1"><trk><name>Depok Dense Road Demo</name><trkseg>
<trkpt lat="-6.3633510" lon="106.8243990"><time>2026-01-01T01:00:00Z</time></trkpt>
<trkpt lat="-6.3634172" lon="106.8243955"><time>2026-01-01T01:00:01Z</time></trkpt>
<trkpt lat="-6.3634835" lon="106.8243920"><time>2026-01-01T01:00:02Z</time></trkpt>
<trkpt lat="-6.3635498" lon="106.8243885"><time>2026-01-01T01:00:03Z</time></trkpt>
<trkpt lat="-6.3636160" lon="106.8243850"><time>2026-01-01T01:00:04Z</time></trkpt>
<trkpt lat="-6.3636280" lon="106.8243750"><time>2026-01-01T01:00:05Z</time></trkpt>
<trkpt lat="-6.3636340" lon="106.8243500"><time>2026-01-01T01:00:06Z</time></trkpt>
<trkpt lat="-6.3636380" lon="106.8242980"><time>2026-01-01T01:00:07Z</time></trkpt>
<trkpt lat="-6.3636406" lon="106.8242317"><time>2026-01-01T01:00:08Z</time></trkpt>
<trkpt lat="-6.3636432" lon="106.8241655"><time>2026-01-01T01:00:09Z</time></trkpt>
<trkpt lat="-6.3636459" lon="106.8240993"><time>2026-01-01T01:00:10Z</time></trkpt>
<trkpt lat="-6.3636485" lon="106.8240330"><time>2026-01-01T01:00:11Z</time></trkpt>
<trkpt lat="-6.3636511" lon="106.8239667"><time>2026-01-01T01:00:12Z</time></trkpt>
<trkpt lat="-6.3636538" lon="106.8239005"><time>2026-01-01T01:00:13Z</time></trkpt>
<trkpt lat="-6.3636564" lon="106.8238343"><time>2026-01-01T01:00:14Z</time></trkpt>
<trkpt lat="-6.3636590" lon="106.8237680"><time>2026-01-01T01:00:15Z</time></trkpt>
<trkpt lat="-6.3637227" lon="106.8237687"><time>2026-01-01T01:00:16Z</time></trkpt>
<trkpt lat="-6.3637863" lon="106.8237693"><time>2026-01-01T01:00:17Z</time></trkpt>
<trkpt lat="-6.3638500" lon="106.8237700"><time>2026-01-01T01:00:18Z</time></trkpt>
<trkpt lat="-6.3638500" lon="106.8237200"><time>2026-01-01T01:00:19Z</time></trkpt>
<trkpt lat="-6.3638500" lon="106.8236700"><time>2026-01-01T01:00:20Z</time></trkpt>
<trkpt lat="-6.3638481" lon="106.8236004"><time>2026-01-01T01:00:21Z</time></trkpt>
<trkpt lat="-6.3638462" lon="106.8235308"><time>2026-01-01T01:00:22Z</time></trkpt>
<trkpt lat="-6.3638444" lon="106.8234611"><time>2026-01-01T01:00:23Z</time></trkpt>
<trkpt lat="-6.3638425" lon="106.8233915"><time>2026-01-01T01:00:24Z</time></trkpt>
<trkpt lat="-6.3638406" lon="106.8233219"><time>2026-01-01T01:00:25Z</time></trkpt>
<trkpt lat="-6.3638388" lon="106.8232523"><time>2026-01-01T01:00:26Z</time></trkpt>
<trkpt lat="-6.3638369" lon="106.8231826"><time>2026-01-01T01:00:27Z</time></trkpt>
<trkpt lat="-6.3638350" lon="106.8231130"><time>2026-01-01T01:00:28Z</time></trkpt>
<trkpt lat="-6.3638345" lon="106.8230439"><time>2026-01-01T01:00:29Z</time></trkpt>
<trkpt lat="-6.3638340" lon="106.8229749"><time>2026-01-01T01:00:30Z</time></trkpt>
<trkpt lat="-6.3638335" lon="106.8229058"><time>2026-01-01T01:00:31Z</time></trkpt>
<trkpt lat="-6.3638330" lon="106.8228367"><time>2026-01-01T01:00:32Z</time></trkpt>
<trkpt lat="-6.3638325" lon="106.8227676"><time>2026-01-01T01:00:33Z</time></trkpt>
<trkpt lat="-6.3638320" lon="106.8226986"><time>2026-01-01T01:00:34Z</time></trkpt>
<trkpt lat="-6.3638315" lon="106.8226295"><time>2026-01-01T01:00:35Z</time></trkpt>
<trkpt lat="-6.3638310" lon="106.8225604"><time>2026-01-01T01:00:36Z</time></trkpt>
<trkpt lat="-6.3638305" lon="106.8224914"><time>2026-01-01T01:00:37Z</time></trkpt>
<trkpt lat="-6.3638300" lon="106.8224223"><time>2026-01-01T01:00:38Z</time></trkpt>
<trkpt lat="-6.3638295" lon="106.8223532"><time>2026-01-01T01:00:39Z</time></trkpt>
<trkpt lat="-6.3638290" lon="106.8222841"><time>2026-01-01T01:00:40Z</time></trkpt>
<trkpt lat="-6.3638285" lon="106.8222151"><time>2026-01-01T01:00:41Z</time></trkpt>
<trkpt lat="-6.3638280" lon="106.8221460"><time>2026-01-01T01:00:42Z</time></trkpt>
<trkpt lat="-6.3638190" lon="106.8220830"><time>2026-01-01T01:00:43Z</time></trkpt>
<trkpt lat="-6.3637990" lon="106.8220345"><time>2026-01-01T01:00:44Z</time></trkpt>
<trkpt lat="-6.3637790" lon="106.8219860"><time>2026-01-01T01:00:45Z</time></trkpt>
<trkpt lat="-6.3637137" lon="106.8220062"><time>2026-01-01T01:00:46Z</time></trkpt>
<trkpt lat="-6.3636484" lon="106.8220264"><time>2026-01-01T01:00:47Z</time></trkpt>
<trkpt lat="-6.3635831" lon="106.8220466"><time>2026-01-01T01:00:48Z</time></trkpt>
<trkpt lat="-6.3635178" lon="106.8220668"><time>2026-01-01T01:00:49Z</time></trkpt>
<trkpt lat="-6.3634525" lon="106.8220870"><time>2026-01-01T01:00:50Z</time></trkpt>
<trkpt lat="-6.3633872" lon="106.8221072"><time>2026-01-01T01:00:51Z</time></trkpt>
<trkpt lat="-6.3633219" lon="106.8221274"><time>2026-01-01T01:00:52Z</time></trkpt>
<trkpt lat="-6.3632566" lon="106.8221476"><time>2026-01-01T01:00:53Z</time></trkpt>
<trkpt lat="-6.3631913" lon="106.8221678"><time>2026-01-01T01:00:54Z</time></trkpt>
<trkpt lat="-6.3631260" lon="106.8221880"><time>2026-01-01T01:00:55Z</time></trkpt>
<trkpt lat="-6.3630606" lon="106.8222088"><time>2026-01-01T01:00:56Z</time></trkpt>
<trkpt lat="-6.3629953" lon="106.8222296"><time>2026-01-01T01:00:57Z</time></trkpt>
<trkpt lat="-6.3629299" lon="106.8222505"><time>2026-01-01T01:00:58Z</time></trkpt>
<trkpt lat="-6.3628645" lon="106.8222713"><time>2026-01-01T01:00:59Z</time></trkpt>
<trkpt lat="-6.3627992" lon="106.8222921"><time>2026-01-01T01:01:00Z</time></trkpt>
<trkpt lat="-6.3627338" lon="106.8223129"><time>2026-01-01T01:01:01Z</time></trkpt>
<trkpt lat="-6.3626685" lon="106.8223337"><time>2026-01-01T01:01:02Z</time></trkpt>
<trkpt lat="-6.3626031" lon="106.8223545"><time>2026-01-01T01:01:03Z</time></trkpt>
<trkpt lat="-6.3625377" lon="106.8223754"><time>2026-01-01T01:01:04Z</time></trkpt>
<trkpt lat="-6.3624724" lon="106.8223962"><time>2026-01-01T01:01:05Z</time></trkpt>
<trkpt lat="-6.3624070" lon="106.8224170"><time>2026-01-01T01:01:06Z</time></trkpt>
<trkpt lat="-6.3623383" lon="106.8224380"><time>2026-01-01T01:01:07Z</time></trkpt>
<trkpt lat="-6.3622695" lon="106.8224590"><time>2026-01-01T01:01:08Z</time></trkpt>
<trkpt lat="-6.3622007" lon="106.8224800"><time>2026-01-01T01:01:09Z</time></trkpt>
<trkpt lat="-6.3621320" lon="106.8225010"><time>2026-01-01T01:01:10Z</time></trkpt>
<trkpt lat="-6.3620693" lon="106.8225203"><time>2026-01-01T01:01:11Z</time></trkpt>
<trkpt lat="-6.3620067" lon="106.8225397"><time>2026-01-01T01:01:12Z</time></trkpt>
<trkpt lat="-6.3619440" lon="106.8225590"><time>2026-01-01T01:01:13Z</time></trkpt>
<trkpt lat="-6.3618848" lon="106.8225776"><time>2026-01-01T01:01:14Z</time></trkpt>
<trkpt lat="-6.3618256" lon="106.8225962"><time>2026-01-01T01:01:15Z</time></trkpt>
<trkpt lat="-6.3617664" lon="106.8226148"><time>2026-01-01T01:01:16Z</time></trkpt>
<trkpt lat="-6.3617072" lon="106.8226334"><time>2026-01-01T01:01:17Z</time></trkpt>
<trkpt lat="-6.3616480" lon="106.8226520"><time>2026-01-01T01:01:18Z</time></trkpt>
<trkpt lat="-6.3615880" lon="106.8226733"><time>2026-01-01T01:01:19Z</time></trkpt>
<trkpt lat="-6.3615280" lon="106.8226947"><time>2026-01-01T01:01:20Z</time></trkpt>
<trkpt lat="-6.3614680" lon="106.8227160"><time>2026-01-01T01:01:21Z</time></trkpt>
<trkpt lat="-6.3614273" lon="106.8227477"><time>2026-01-01T01:01:22Z</time></trkpt>
<trkpt lat="-6.3613867" lon="106.8227793"><time>2026-01-01T01:01:23Z</time></trkpt>
<trkpt lat="-6.3613460" lon="106.8228110"><time>2026-01-01T01:01:24Z</time></trkpt>
<trkpt lat="-6.3613160" lon="106.8228375"><time>2026-01-01T01:01:25Z</time></trkpt>
<trkpt lat="-6.3612860" lon="106.8228640"><time>2026-01-01T01:01:26Z</time></trkpt>
<trkpt lat="-6.3612500" lon="106.8229210"><time>2026-01-01T01:01:27Z</time></trkpt>
<trkpt lat="-6.3612185" lon="106.8229825"><time>2026-01-01T01:01:28Z</time></trkpt>
<trkpt lat="-6.3611870" lon="106.8230440"><time>2026-01-01T01:01:29Z</time></trkpt>
<trkpt lat="-6.3611630" lon="106.8230975"><time>2026-01-01T01:01:30Z</time></trkpt>
<trkpt lat="-6.3611390" lon="106.8231510"><time>2026-01-01T01:01:31Z</time></trkpt>
<trkpt lat="-6.3611160" lon="106.8232080"><time>2026-01-01T01:01:32Z</time></trkpt>
<trkpt lat="-6.3611040" lon="106.8232440"><time>2026-01-01T01:01:33Z</time></trkpt>
<trkpt lat="-6.3610890" lon="106.8232770"><time>2026-01-01T01:01:34Z</time></trkpt>
<trkpt lat="-6.3610740" lon="106.8233100"><time>2026-01-01T01:01:35Z</time></trkpt>
<trkpt lat="-6.3610470" lon="106.8233460"><time>2026-01-01T01:01:36Z</time></trkpt>
<trkpt lat="-6.3610200" lon="106.8233820"><time>2026-01-01T01:01:37Z</time></trkpt>
<trkpt lat="-6.3609817" lon="106.8234237"><time>2026-01-01T01:01:38Z</time></trkpt>
<trkpt lat="-6.3609433" lon="106.8234653"><time>2026-01-01T01:01:39Z</time></trkpt>
<trkpt lat="-6.3609050" lon="106.8235070"><time>2026-01-01T01:01:40Z</time></trkpt>
<trkpt lat="-6.3608633" lon="106.8235433"><time>2026-01-01T01:01:41Z</time></trkpt>
<trkpt lat="-6.3608217" lon="106.8235797"><time>2026-01-01T01:01:42Z</time></trkpt>
<trkpt lat="-6.3607800" lon="106.8236160"><time>2026-01-01T01:01:43Z</time></trkpt>
<trkpt lat="-6.3607388" lon="106.8236600"><time>2026-01-01T01:01:44Z</time></trkpt>
<trkpt lat="-6.3606975" lon="106.8237040"><time>2026-01-01T01:01:45Z</time></trkpt>
<trkpt lat="-6.3606562" lon="106.8237480"><time>2026-01-01T01:01:46Z</time></trkpt>
<trkpt lat="-6.3606150" lon="106.8237920"><time>2026-01-01T01:01:47Z</time></trkpt>
<trkpt lat="-6.3605648" lon="106.8238421"><time>2026-01-01T01:01:48Z</time></trkpt>
<trkpt lat="-6.3605146" lon="106.8238921"><time>2026-01-01T01:01:49Z</time></trkpt>
<trkpt lat="-6.3604643" lon="106.8239422"><time>2026-01-01T01:01:50Z</time></trkpt>
<trkpt lat="-6.3604141" lon="106.8239922"><time>2026-01-01T01:01:51Z</time></trkpt>
<trkpt lat="-6.3603639" lon="106.8240423"><time>2026-01-01T01:01:52Z</time></trkpt>
<trkpt lat="-6.3603137" lon="106.8240923"><time>2026-01-01T01:01:53Z</time></trkpt>
<trkpt lat="-6.3602634" lon="106.8241424"><time>2026-01-01T01:01:54Z</time></trkpt>
<trkpt lat="-6.3602132" lon="106.8241924"><time>2026-01-01T01:01:55Z</time></trkpt>
<trkpt lat="-6.3601630" lon="106.8242425"><time>2026-01-01T01:01:56Z</time></trkpt>
<trkpt lat="-6.3601128" lon="106.8242926"><time>2026-01-01T01:01:57Z</time></trkpt>
<trkpt lat="-6.3600626" lon="106.8243426"><time>2026-01-01T01:01:58Z</time></trkpt>
<trkpt lat="-6.3600123" lon="106.8243927"><time>2026-01-01T01:01:59Z</time></trkpt>
<trkpt lat="-6.3599621" lon="106.8244427"><time>2026-01-01T01:02:00Z</time></trkpt>
<trkpt lat="-6.3599119" lon="106.8244928"><time>2026-01-01T01:02:01Z</time></trkpt>
<trkpt lat="-6.3598617" lon="106.8245428"><time>2026-01-01T01:02:02Z</time></trkpt>
<trkpt lat="-6.3598114" lon="106.8245929"><time>2026-01-01T01:02:03Z</time></trkpt>
<trkpt lat="-6.3597612" lon="106.8246429"><time>2026-01-01T01:02:04Z</time></trkpt>
<trkpt lat="-6.3597110" lon="106.8246930"><time>2026-01-01T01:02:05Z</time></trkpt>
<trkpt lat="-6.3596845" lon="106.8247230"><time>2026-01-01T01:02:06Z</time></trkpt>
<trkpt lat="-6.3596580" lon="106.8247530"><time>2026-01-01T01:02:07Z</time></trkpt>
<trkpt lat="-6.3596350" lon="106.8247880"><time>2026-01-01T01:02:08Z</time></trkpt>
<trkpt lat="-6.3596120" lon="106.8248230"><time>2026-01-01T01:02:09Z</time></trkpt>
<trkpt lat="-6.3595845" lon="106.8248760"><time>2026-01-01T01:02:10Z</time></trkpt>
<trkpt lat="-6.3595570" lon="106.8249290"><time>2026-01-01T01:02:11Z</time></trkpt>
<trkpt lat="-6.3595390" lon="106.8249795"><time>2026-01-01T01:02:12Z</time></trkpt>
<trkpt lat="-6.3595210" lon="106.8250300"><time>2026-01-01T01:02:13Z</time></trkpt>
<trkpt lat="-6.3595110" lon="106.8250885"><time>2026-01-01T01:02:14Z</time></trkpt>
<trkpt lat="-6.3595010" lon="106.8251470"><time>2026-01-01T01:02:15Z</time></trkpt>
<trkpt lat="-6.3594997" lon="106.8252033"><time>2026-01-01T01:02:16Z</time></trkpt>
<trkpt lat="-6.3594983" lon="106.8252597"><time>2026-01-01T01:02:17Z</time></trkpt>
<trkpt lat="-6.3594970" lon="106.8253160"><time>2026-01-01T01:02:18Z</time></trkpt>
<trkpt lat="-6.3594967" lon="106.8253843"><time>2026-01-01T01:02:19Z</time></trkpt>
<trkpt lat="-6.3594963" lon="106.8254527"><time>2026-01-01T01:02:20Z</time></trkpt>
<trkpt lat="-6.3594960" lon="106.8255210"><time>2026-01-01T01:02:21Z</time></trkpt>
<trkpt lat="-6.3594950" lon="106.8255796"><time>2026-01-01T01:02:22Z</time></trkpt>
<trkpt lat="-6.3594940" lon="106.8256382"><time>2026-01-01T01:02:23Z</time></trkpt>
<trkpt lat="-6.3594930" lon="106.8256968"><time>2026-01-01T01:02:24Z</time></trkpt>
<trkpt lat="-6.3594920" lon="106.8257554"><time>2026-01-01T01:02:25Z</time></trkpt>
<trkpt lat="-6.3594910" lon="106.8258140"><time>2026-01-01T01:02:26Z</time></trkpt>
<trkpt lat="-6.3594900" lon="106.8258565"><time>2026-01-01T01:02:27Z</time></trkpt>
<trkpt lat="-6.3594890" lon="106.8258990"><time>2026-01-01T01:02:28Z</time></trkpt>
<trkpt lat="-6.3594888" lon="106.8259671"><time>2026-01-01T01:02:29Z</time></trkpt>
<trkpt lat="-6.3594886" lon="106.8260352"><time>2026-01-01T01:02:30Z</time></trkpt>
<trkpt lat="-6.3594883" lon="106.8261033"><time>2026-01-01T01:02:31Z</time></trkpt>
<trkpt lat="-6.3594881" lon="106.8261714"><time>2026-01-01T01:02:32Z</time></trkpt>
<trkpt lat="-6.3594879" lon="106.8262396"><time>2026-01-01T01:02:33Z</time></trkpt>
<trkpt lat="-6.3594877" lon="106.8263077"><time>2026-01-01T01:02:34Z</time></trkpt>
<trkpt lat="-6.3594874" lon="106.8263758"><time>2026-01-01T01:02:35Z</time></trkpt>
<trkpt lat="-6.3594872" lon="106.8264439"><time>2026-01-01T01:02:36Z</time></trkpt>
<trkpt lat="-6.3594870" lon="106.8265120"><time>2026-01-01T01:02:37Z</time></trkpt>
<trkpt lat="-6.3594880" lon="106.8265807"><time>2026-01-01T01:02:38Z</time></trkpt>
<trkpt lat="-6.3594890" lon="106.8266493"><time>2026-01-01T01:02:39Z</time></trkpt>
<trkpt lat="-6.3594900" lon="106.8267180"><time>2026-01-01T01:02:40Z</time></trkpt>
<trkpt lat="-6.3594924" lon="106.8267884"><time>2026-01-01T01:02:41Z</time></trkpt>
<trkpt lat="-6.3594948" lon="106.8268588"><time>2026-01-01T01:02:42Z</time></trkpt>
<trkpt lat="-6.3594972" lon="106.8269292"><time>2026-01-01T01:02:43Z</time></trkpt>
<trkpt lat="-6.3594996" lon="106.8269996"><time>2026-01-01T01:02:44Z</time></trkpt>
<trkpt lat="-6.3595020" lon="106.8270700"><time>2026-01-01T01:02:45Z</time></trkpt>
<trkpt lat="-6.3595044" lon="106.8271404"><time>2026-01-01T01:02:46Z</time></trkpt>
<trkpt lat="-6.3595068" lon="106.8272108"><time>2026-01-01T01:02:47Z</time></trkpt>
<trkpt lat="-6.3595092" lon="106.8272812"><time>2026-01-01T01:02:48Z</time></trkpt>
<trkpt lat="-6.3595116" lon="106.8273516"><time>2026-01-01T01:02:49Z</time></trkpt>
<trkpt lat="-6.3595140" lon="106.8274220"><time>2026-01-01T01:02:50Z</time></trkpt>
<trkpt lat="-6.3595143" lon="106.8274910"><time>2026-01-01T01:02:51Z</time></trkpt>
<trkpt lat="-6.3595145" lon="106.8275600"><time>2026-01-01T01:02:52Z</time></trkpt>
<trkpt lat="-6.3595147" lon="106.8276290"><time>2026-01-01T01:02:53Z</time></trkpt>
<trkpt lat="-6.3595150" lon="106.8276980"><time>2026-01-01T01:02:54Z</time></trkpt>
<trkpt lat="-6.3595207" lon="106.8277470"><time>2026-01-01T01:02:55Z</time></trkpt>
<trkpt lat="-6.3595263" lon="106.8277960"><time>2026-01-01T01:02:56Z</time></trkpt>
<trkpt lat="-6.3595320" lon="106.8278450"><time>2026-01-01T01:02:57Z</time></trkpt>
<trkpt lat="-6.3595435" lon="106.8278975"><time>2026-01-01T01:02:58Z</time></trkpt>
<trkpt lat="-6.3595550" lon="106.8279500"><time>2026-01-01T01:02:59Z</time></trkpt>
<trkpt lat="-6.3595665" lon="106.8279910"><time>2026-01-01T01:03:00Z</time></trkpt>
<trkpt lat="-6.3595780" lon="106.8280320"><time>2026-01-01T01:03:01Z</time></trkpt>
<trkpt lat="-6.3595995" lon="106.8280715"><time>2026-01-01T01:03:02Z</time></trkpt>
<trkpt lat="-6.3596210" lon="106.8281110"><time>2026-01-01T01:03:03Z</time></trkpt>
<trkpt lat="-6.3596495" lon="106.8281575"><time>2026-01-01T01:03:04Z</time></trkpt>
<trkpt lat="-6.3596780" lon="106.8282040"><time>2026-01-01T01:03:05Z</time></trkpt>
<trkpt lat="-6.3597290" lon="106.8282533"><time>2026-01-01T01:03:06Z</time></trkpt>
<trkpt lat="-6.3597800" lon="106.8283027"><time>2026-01-01T01:03:07Z</time></trkpt>
<trkpt lat="-6.3598310" lon="106.8283520"><time>2026-01-01T01:03:08Z</time></trkpt>
<trkpt lat="-6.3598687" lon="106.8283890"><time>2026-01-01T01:03:09Z</time></trkpt>
<trkpt lat="-6.3599063" lon="106.8284260"><time>2026-01-01T01:03:10Z</time></trkpt>
<trkpt lat="-6.3599440" lon="106.8284630"><time>2026-01-01T01:03:11Z</time></trkpt>
<trkpt lat="-6.3599900" lon="106.8285075"><time>2026-01-01T01:03:12Z</time></trkpt>
<trkpt lat="-6.3600360" lon="106.8285520"><time>2026-01-01T01:03:13Z</time></trkpt>
<trkpt lat="-6.3600864" lon="106.8286023"><time>2026-01-01T01:03:14Z</time></trkpt>
<trkpt lat="-6.3601368" lon="106.8286527"><time>2026-01-01T01:03:15Z</time></trkpt>
<trkpt lat="-6.3601873" lon="106.8287030"><time>2026-01-01T01:03:16Z</time></trkpt>
<trkpt lat="-6.3602377" lon="106.8287533"><time>2026-01-01T01:03:17Z</time></trkpt>
<trkpt lat="-6.3602881" lon="106.8288037"><time>2026-01-01T01:03:18Z</time></trkpt>
<trkpt lat="-6.3603385" lon="106.8288540"><time>2026-01-01T01:03:19Z</time></trkpt>
<trkpt lat="-6.3603889" lon="106.8289043"><time>2026-01-01T01:03:20Z</time></trkpt>
<trkpt lat="-6.3604393" lon="106.8289547"><time>2026-01-01T01:03:21Z</time></trkpt>
<trkpt lat="-6.3604898" lon="106.8290050"><time>2026-01-01T01:03:22Z</time></trkpt>
<trkpt lat="-6.3605402" lon="106.8290553"><time>2026-01-01T01:03:23Z</time></trkpt>
<trkpt lat="-6.3605906" lon="106.8291057"><time>2026-01-01T01:03:24Z</time></trkpt>
<trkpt lat="-6.3606410" lon="106.8291560"><time>2026-01-01T01:03:25Z</time></trkpt>
<trkpt lat="-6.3606923" lon="106.8292020"><time>2026-01-01T01:03:26Z</time></trkpt>
<trkpt lat="-6.3607437" lon="106.8292480"><time>2026-01-01T01:03:27Z</time></trkpt>
<trkpt lat="-6.3607950" lon="106.8292940"><time>2026-01-01T01:03:28Z</time></trkpt>
<trkpt lat="-6.3608441" lon="106.8293414"><time>2026-01-01T01:03:29Z</time></trkpt>
<trkpt lat="-6.3608933" lon="106.8293889"><time>2026-01-01T01:03:30Z</time></trkpt>
<trkpt lat="-6.3609424" lon="106.8294363"><time>2026-01-01T01:03:31Z</time></trkpt>
<trkpt lat="-6.3609916" lon="106.8294837"><time>2026-01-01T01:03:32Z</time></trkpt>
<trkpt lat="-6.3610407" lon="106.8295311"><time>2026-01-01T01:03:33Z</time></trkpt>
<trkpt lat="-6.3610899" lon="106.8295786"><time>2026-01-01T01:03:34Z</time></trkpt>
<trkpt lat="-6.3611390" lon="106.8296260"><time>2026-01-01T01:03:35Z</time></trkpt>
<trkpt lat="-6.3611655" lon="106.8296515"><time>2026-01-01T01:03:36Z</time></trkpt>
<trkpt lat="-6.3611920" lon="106.8296770"><time>2026-01-01T01:03:37Z</time></trkpt>
<trkpt lat="-6.3612380" lon="106.8297228"><time>2026-01-01T01:03:38Z</time></trkpt>
<trkpt lat="-6.3612840" lon="106.8297687"><time>2026-01-01T01:03:39Z</time></trkpt>
<trkpt lat="-6.3613300" lon="106.8298145"><time>2026-01-01T01:03:40Z</time></trkpt>
<trkpt lat="-6.3613760" lon="106.8298603"><time>2026-01-01T01:03:41Z</time></trkpt>
<trkpt lat="-6.3614220" lon="106.8299062"><time>2026-01-01T01:03:42Z</time></trkpt>
<trkpt lat="-6.3614680" lon="106.8299520"><time>2026-01-01T01:03:43Z</time></trkpt>
<trkpt lat="-6.3615177" lon="106.8300010"><time>2026-01-01T01:03:44Z</time></trkpt>
<trkpt lat="-6.3615675" lon="106.8300500"><time>2026-01-01T01:03:45Z</time></trkpt>
<trkpt lat="-6.3616173" lon="106.8300990"><time>2026-01-01T01:03:46Z</time></trkpt>
<trkpt lat="-6.3616670" lon="106.8301480"><time>2026-01-01T01:03:47Z</time></trkpt>
<trkpt lat="-6.3617110" lon="106.8301960"><time>2026-01-01T01:03:48Z</time></trkpt>
<trkpt lat="-6.3617550" lon="106.8302440"><time>2026-01-01T01:03:49Z</time></trkpt>
<trkpt lat="-6.3617885" lon="106.8302785"><time>2026-01-01T01:03:50Z</time></trkpt>
<trkpt lat="-6.3618220" lon="106.8303130"><time>2026-01-01T01:03:51Z</time></trkpt>
<trkpt lat="-6.3618703" lon="106.8303633"><time>2026-01-01T01:03:52Z</time></trkpt>
<trkpt lat="-6.3619186" lon="106.8304136"><time>2026-01-01T01:03:53Z</time></trkpt>
<trkpt lat="-6.3619669" lon="106.8304639"><time>2026-01-01T01:03:54Z</time></trkpt>
<trkpt lat="-6.3620151" lon="106.8305141"><time>2026-01-01T01:03:55Z</time></trkpt>
<trkpt lat="-6.3620634" lon="106.8305644"><time>2026-01-01T01:03:56Z</time></trkpt>
<trkpt lat="-6.3621117" lon="106.8306147"><time>2026-01-01T01:03:57Z</time></trkpt>
<trkpt lat="-6.3621600" lon="106.8306650"><time>2026-01-01T01:03:58Z</time></trkpt>
<trkpt lat="-6.3621840" lon="106.8306880"><time>2026-01-01T01:03:59Z</time></trkpt>
<trkpt lat="-6.3622360" lon="106.8307360"><time>2026-01-01T01:04:00Z</time></trkpt>
<trkpt lat="-6.3622480" lon="106.8307460"><time>2026-01-01T01:04:01Z</time></trkpt>
<trkpt lat="-6.3622942" lon="106.8307913"><time>2026-01-01T01:04:02Z</time></trkpt>
<trkpt lat="-6.3623403" lon="106.8308367"><time>2026-01-01T01:04:03Z</time></trkpt>
<trkpt lat="-6.3623865" lon="106.8308820"><time>2026-01-01T01:04:04Z</time></trkpt>
<trkpt lat="-6.3624327" lon="106.8309273"><time>2026-01-01T01:04:05Z</time></trkpt>
<trkpt lat="-6.3624788" lon="106.8309727"><time>2026-01-01T01:04:06Z</time></trkpt>
<trkpt lat="-6.3625250" lon="106.8310180"><time>2026-01-01T01:04:07Z</time></trkpt>
<trkpt lat="-6.3625667" lon="106.8310637"><time>2026-01-01T01:04:08Z</time></trkpt>
<trkpt lat="-6.3626083" lon="106.8311093"><time>2026-01-01T01:04:09Z</time></trkpt>
<trkpt lat="-6.3626500" lon="106.8311550"><time>2026-01-01T01:04:10Z</time></trkpt>
<trkpt lat="-6.3626910" lon="106.8312010"><time>2026-01-01T01:04:11Z</time></trkpt>
<trkpt lat="-6.3627310" lon="106.8312610"><time>2026-01-01T01:04:12Z</time></trkpt>
<trkpt lat="-6.3627430" lon="106.8312990"><time>2026-01-01T01:04:13Z</time></trkpt>
<trkpt lat="-6.3627550" lon="106.8313370"><time>2026-01-01T01:04:14Z</time></trkpt>
<trkpt lat="-6.3627550" lon="106.8313880"><time>2026-01-01T01:04:15Z</time></trkpt>
<trkpt lat="-6.3627510" lon="106.8314260"><time>2026-01-01T01:04:16Z</time></trkpt>
<trkpt lat="-6.3627470" lon="106.8314640"><time>2026-01-01T01:04:17Z</time></trkpt>
<trkpt lat="-6.3627395" lon="106.8315095"><time>2026-01-01T01:04:18Z</time></trkpt>
<trkpt lat="-6.3627320" lon="106.8315550"><time>2026-01-01T01:04:19Z</time></trkpt>
<trkpt lat="-6.3627020" lon="106.8316180"><time>2026-01-01T01:04:20Z</time></trkpt>
<trkpt lat="-6.3626670" lon="106.8316600"><time>2026-01-01T01:04:21Z</time></trkpt>
<trkpt lat="-6.3626260" lon="106.8316920"><time>2026-01-01T01:04:22Z</time></trkpt>
<trkpt lat="-6.3625810" lon="106.8317120"><time>2026-01-01T01:04:23Z</time></trkpt>
<trkpt lat="-6.3625360" lon="106.8317320"><time>2026-01-01T01:04:24Z</time></trkpt>
<trkpt lat="-6.3624890" lon="106.8317480"><time>2026-01-01T01:04:25Z</time></trkpt>
<trkpt lat="-6.3624480" lon="106.8317590"><time>2026-01-01T01:04:26Z</time></trkpt>
<trkpt lat="-6.3623890" lon="106.8317640"><time>2026-01-01T01:04:27Z</time></trkpt>
<trkpt lat="-6.3623510" lon="106.8317640"><time>2026-01-01T01:04:28Z</time></trkpt>
<trkpt lat="-6.3623040" lon="106.8317570"><time>2026-01-01T01:04:29Z</time></trkpt>
<trkpt lat="-6.3622350" lon="106.8317460"><time>2026-01-01T01:04:30Z</time></trkpt>
<trkpt lat="-6.3621662" lon="106.8317352"><time>2026-01-01T01:04:31Z</time></trkpt>
<trkpt lat="-6.3620975" lon="106.8317245"><time>2026-01-01T01:04:32Z</time></trkpt>
<trkpt lat="-6.3620287" lon="106.8317137"><time>2026-01-01T01:04:33Z</time></trkpt>
<trkpt lat="-6.3619599" lon="106.8317029"><time>2026-01-01T01:04:34Z</time></trkpt>
<trkpt lat="-6.3618912" lon="106.8316922"><time>2026-01-01T01:04:35Z</time></trkpt>
<trkpt lat="-6.3618224" lon="106.8316814"><time>2026-01-01T01:04:36Z</time></trkpt>
<trkpt lat="-6.3617536" lon="106.8316706"><time>2026-01-01T01:04:37Z</time></trkpt>
<trkpt lat="-6.3616848" lon="106.8316598"><time>2026-01-01T01:04:38Z</time></trkpt>
<trkpt lat="-6.3616161" lon="106.8316491"><time>2026-01-01T01:04:39Z</time></trkpt>
<trkpt lat="-6.3615473" lon="106.8316383"><time>2026-01-01T01:04:40Z</time></trkpt>
<trkpt lat="-6.3614785" lon="106.8316275"><time>2026-01-01T01:04:41Z</time></trkpt>
<trkpt lat="-6.3614098" lon="106.8316168"><time>2026-01-01T01:04:42Z</time></trkpt>
<trkpt lat="-6.3613410" lon="106.8316060"><time>2026-01-01T01:04:43Z</time></trkpt>
<trkpt lat="-6.3612718" lon="106.8315950"><time>2026-01-01T01:04:44Z</time></trkpt>
<trkpt lat="-6.3612026" lon="106.8315840"><time>2026-01-01T01:04:45Z</time></trkpt>
<trkpt lat="-6.3611334" lon="106.8315730"><time>2026-01-01T01:04:46Z</time></trkpt>
<trkpt lat="-6.3610642" lon="106.8315620"><time>2026-01-01T01:04:47Z</time></trkpt>
<trkpt lat="-6.3609950" lon="106.8315510"><time>2026-01-01T01:04:48Z</time></trkpt>
<trkpt lat="-6.3609520" lon="106.8315440"><time>2026-01-01T01:04:49Z</time></trkpt>
<trkpt lat="-6.3608987" lon="106.8315350"><time>2026-01-01T01:04:50Z</time></trkpt>
<trkpt lat="-6.3608453" lon="106.8315260"><time>2026-01-01T01:04:51Z</time></trkpt>
<trkpt lat="-6.3607920" lon="106.8315170"><time>2026-01-01T01:04:52Z</time></trkpt>
<trkpt lat="-6.3607337" lon="106.8315082"><time>2026-01-01T01:04:53Z</time></trkpt>
<trkpt lat="-6.3606755" lon="106.8314995"><time>2026-01-01T01:04:54Z</time></trkpt>
<trkpt lat="-6.3606173" lon="106.8314908"><time>2026-01-01T01:04:55Z</time></trkpt>
<trkpt lat="-6.3605590" lon="106.8314820"><time>2026-01-01T01:04:56Z</time></trkpt>
<trkpt lat="-6.3605040" lon="106.8314730"><time>2026-01-01T01:04:57Z</time></trkpt>
<trkpt lat="-6.3604490" lon="106.8314640"><time>2026-01-01T01:04:58Z</time></trkpt>
<trkpt lat="-6.3603940" lon="106.8314550"><time>2026-01-01T01:04:59Z</time></trkpt>
<trkpt lat="-6.3603390" lon="106.8314460"><time>2026-01-01T01:05:00Z</time></trkpt>
<trkpt lat="-6.3602752" lon="106.8314347"><time>2026-01-01T01:05:01Z</time></trkpt>
<trkpt lat="-6.3602115" lon="106.8314235"><time>2026-01-01T01:05:02Z</time></trkpt>
<trkpt lat="-6.3601477" lon="106.8314122"><time>2026-01-01T01:05:03Z</time></trkpt>
<trkpt lat="-6.3600840" lon="106.8314010"><time>2026-01-01T01:05:04Z</time></trkpt>
<trkpt lat="-6.3600248" lon="106.8313905"><time>2026-01-01T01:05:05Z</time></trkpt>
<trkpt lat="-6.3599655" lon="106.8313800"><time>2026-01-01T01:05:06Z</time></trkpt>
<trkpt lat="-6.3599062" lon="106.8313695"><time>2026-01-01T01:05:07Z</time></trkpt>
<trkpt lat="-6.3598470" lon="106.8313590"><time>2026-01-01T01:05:08Z</time></trkpt>
<trkpt lat="-6.3597827" lon="106.8313497"><time>2026-01-01T01:05:09Z</time></trkpt>
<trkpt lat="-6.3597183" lon="106.8313403"><time>2026-01-01T01:05:10Z</time></trkpt>
<trkpt lat="-6.3596540" lon="106.8313310"><time>2026-01-01T01:05:11Z</time></trkpt>
<trkpt lat="-6.3595870" lon="106.8313200"><time>2026-01-01T01:05:12Z</time></trkpt>
<trkpt lat="-6.3595200" lon="106.8313090"><time>2026-01-01T01:05:13Z</time></trkpt>
<trkpt lat="-6.3594530" lon="106.8312980"><time>2026-01-01T01:05:14Z</time></trkpt>
<trkpt lat="-6.3593875" lon="106.8312875"><time>2026-01-01T01:05:15Z</time></trkpt>
<trkpt lat="-6.3593220" lon="106.8312770"><time>2026-01-01T01:05:16Z</time></trkpt>
<trkpt lat="-6.3592565" lon="106.8312665"><time>2026-01-01T01:05:17Z</time></trkpt>
<trkpt lat="-6.3591910" lon="106.8312560"><time>2026-01-01T01:05:18Z</time></trkpt>
<trkpt lat="-6.3591255" lon="106.8312455"><time>2026-01-01T01:05:19Z</time></trkpt>
<trkpt lat="-6.3590600" lon="106.8312350"><time>2026-01-01T01:05:20Z</time></trkpt>
<trkpt lat="-6.3589907" lon="106.8312240"><time>2026-01-01T01:05:21Z</time></trkpt>
<trkpt lat="-6.3589213" lon="106.8312130"><time>2026-01-01T01:05:22Z</time></trkpt>
<trkpt lat="-6.3588520" lon="106.8312020"><time>2026-01-01T01:05:23Z</time></trkpt>
<trkpt lat="-6.3587835" lon="106.8311925"><time>2026-01-01T01:05:24Z</time></trkpt>
<trkpt lat="-6.3587150" lon="106.8311830"><time>2026-01-01T01:05:25Z</time></trkpt>
<trkpt lat="-6.3586480" lon="106.8311720"><time>2026-01-01T01:05:26Z</time></trkpt>
<trkpt lat="-6.3585810" lon="106.8311610"><time>2026-01-01T01:05:27Z</time></trkpt>
<trkpt lat="-6.3585185" lon="106.8311520"><time>2026-01-01T01:05:28Z</time></trkpt>
<trkpt lat="-6.3584560" lon="106.8311430"><time>2026-01-01T01:05:29Z</time></trkpt>
<trkpt lat="-6.3583957" lon="106.8311333"><time>2026-01-01T01:05:30Z</time></trkpt>
<trkpt lat="-6.3583353" lon="106.8311237"><time>2026-01-01T01:05:31Z</time></trkpt>
<trkpt lat="-6.3582750" lon="106.8311140"><time>2026-01-01T01:05:32Z</time></trkpt>
<trkpt lat="-6.3582092" lon="106.8310905"><time>2026-01-01T01:05:33Z</time></trkpt>
<trkpt lat="-6.3581435" lon="106.8310670"><time>2026-01-01T01:05:34Z</time></trkpt>
<trkpt lat="-6.3580778" lon="106.8310435"><time>2026-01-01T01:05:35Z</time></trkpt>
<trkpt lat="-6.3580120" lon="106.8310200"><time>2026-01-01T01:05:36Z</time></trkpt>
<trkpt lat="-6.3579670" lon="106.8309920"><time>2026-01-01T01:05:37Z</time></trkpt>
<trkpt lat="-6.3579220" lon="106.8309640"><time>2026-01-01T01:05:38Z</time></trkpt>
<trkpt lat="-6.3578770" lon="106.8309360"><time>2026-01-01T01:05:39Z</time></trkpt>
<trkpt lat="-6.3578250" lon="106.8308972"><time>2026-01-01T01:05:40Z</time></trkpt>
<trkpt lat="-6.3577730" lon="106.8308585"><time>2026-01-01T01:05:41Z</time></trkpt>
<trkpt lat="-6.3577210" lon="106.8308198"><time>2026-01-01T01:05:42Z</time></trkpt>
<trkpt lat="-6.3576690" lon="106.8307810"><time>2026-01-01T01:05:43Z</time></trkpt>
<trkpt lat="-6.3576196" lon="106.8307395"><time>2026-01-01T01:05:44Z</time></trkpt>
<trkpt lat="-6.3575703" lon="106.8306980"><time>2026-01-01T01:05:45Z</time></trkpt>
<trkpt lat="-6.3575209" lon="106.8306565"><time>2026-01-01T01:05:46Z</time></trkpt>
<trkpt lat="-6.3574715" lon="106.8306150"><time>2026-01-01T01:05:47Z</time></trkpt>
<trkpt lat="-6.3574221" lon="106.8305735"><time>2026-01-01T01:05:48Z</time></trkpt>
<trkpt lat="-6.3573727" lon="106.8305320"><time>2026-01-01T01:05:49Z</time></trkpt>
<trkpt lat="-6.3573234" lon="106.8304905"><time>2026-01-01T01:05:50Z</time></trkpt>
<trkpt lat="-6.3572740" lon="106.8304490"><time>2026-01-01T01:05:51Z</time></trkpt>
<trkpt lat="-6.3572343" lon="106.8304163"><time>2026-01-01T01:05:52Z</time></trkpt>
<trkpt lat="-6.3571947" lon="106.8303837"><time>2026-01-01T01:05:53Z</time></trkpt>
<trkpt lat="-6.3571550" lon="106.8303510"><time>2026-01-01T01:05:54Z</time></trkpt>
<trkpt lat="-6.3571123" lon="106.8303227"><time>2026-01-01T01:05:55Z</time></trkpt>
<trkpt lat="-6.3570697" lon="106.8302943"><time>2026-01-01T01:05:56Z</time></trkpt>
<trkpt lat="-6.3570270" lon="106.8302660"><time>2026-01-01T01:05:57Z</time></trkpt>
<trkpt lat="-6.3569705" lon="106.8302340"><time>2026-01-01T01:05:58Z</time></trkpt>
<trkpt lat="-6.3569140" lon="106.8302020"><time>2026-01-01T01:05:59Z</time></trkpt>
<trkpt lat="-6.3568735" lon="106.8301845"><time>2026-01-01T01:06:00Z</time></trkpt>
<trkpt lat="-6.3568330" lon="106.8301670"><time>2026-01-01T01:06:01Z</time></trkpt>
<trkpt lat="-6.3567855" lon="106.8301520"><time>2026-01-01T01:06:02Z</time></trkpt>
<trkpt lat="-6.3567380" lon="106.8301370"><time>2026-01-01T01:06:03Z</time></trkpt>
<trkpt lat="-6.3566870" lon="106.8301260"><time>2026-01-01T01:06:04Z</time></trkpt>
<trkpt lat="-6.3566360" lon="106.8301150"><time>2026-01-01T01:06:05Z</time></trkpt>
<trkpt lat="-6.3565760" lon="106.8301085"><time>2026-01-01T01:06:06Z</time></trkpt>
<trkpt lat="-6.3565160" lon="106.8301020"><time>2026-01-01T01:06:07Z</time></trkpt>
<trkpt lat="-6.3564500" lon="106.8300970"><time>2026-01-01T01:06:08Z</time></trkpt>
<trkpt lat="-6.3563840" lon="106.8300920"><time>2026-01-01T01:06:09Z</time></trkpt>
<trkpt lat="-6.3563320" lon="106.8301000"><time>2026-01-01T01:06:10Z</time></trkpt>
<trkpt lat="-6.3562800" lon="106.8301080"><time>2026-01-01T01:06:11Z</time></trkpt>
<trkpt lat="-6.3562235" lon="106.8301185"><time>2026-01-01T01:06:12Z</time></trkpt>
<trkpt lat="-6.3561670" lon="106.8301290"><time>2026-01-01T01:06:13Z</time></trkpt>
<trkpt lat="-6.3561220" lon="106.8301477"><time>2026-01-01T01:06:14Z</time></trkpt>
<trkpt lat="-6.3560770" lon="106.8301663"><time>2026-01-01T01:06:15Z</time></trkpt>
<trkpt lat="-6.3560320" lon="106.8301850"><time>2026-01-01T01:06:16Z</time></trkpt>
<trkpt lat="-6.3559780" lon="106.8302150"><time>2026-01-01T01:06:17Z</time></trkpt>
<trkpt lat="-6.3559240" lon="106.8302450"><time>2026-01-01T01:06:18Z</time></trkpt>
<trkpt lat="-6.3558675" lon="106.8302855"><time>2026-01-01T01:06:19Z</time></trkpt>
<trkpt lat="-6.3558110" lon="106.8303260"><time>2026-01-01T01:06:20Z</time></trkpt>
<trkpt lat="-6.3557650" lon="106.8303630"><time>2026-01-01T01:06:21Z</time></trkpt>
<trkpt lat="-6.3557190" lon="106.8304000"><time>2026-01-01T01:06:22Z</time></trkpt>
<trkpt lat="-6.3556730" lon="106.8304370"><time>2026-01-01T01:06:23Z</time></trkpt>
<trkpt lat="-6.3556270" lon="106.8304740"><time>2026-01-01T01:06:24Z</time></trkpt>
<trkpt lat="-6.3555792" lon="106.8305132"><time>2026-01-01T01:06:25Z</time></trkpt>
<trkpt lat="-6.3555313" lon="106.8305523"><time>2026-01-01T01:06:26Z</time></trkpt>
<trkpt lat="-6.3554835" lon="106.8305915"><time>2026-01-01T01:06:27Z</time></trkpt>
<trkpt lat="-6.3554357" lon="106.8306307"><time>2026-01-01T01:06:28Z</time></trkpt>
<trkpt lat="-6.3553878" lon="106.8306698"><time>2026-01-01T01:06:29Z</time></trkpt>
<trkpt lat="-6.3553400" lon="106.8307090"><time>2026-01-01T01:06:30Z</time></trkpt>
<trkpt lat="-6.3552840" lon="106.8307526"><time>2026-01-01T01:06:31Z</time></trkpt>
<trkpt lat="-6.3552280" lon="106.8307963"><time>2026-01-01T01:06:32Z</time></trkpt>
<trkpt lat="-6.3551720" lon="106.8308399"><time>2026-01-01T01:06:33Z</time></trkpt>
<trkpt lat="-6.3551160" lon="106.8308836"><time>2026-01-01T01:06:34Z</time></trkpt>
<trkpt lat="-6.3550600" lon="106.8309272"><time>2026-01-01T01:06:35Z</time></trkpt>
<trkpt lat="-6.3550040" lon="106.8309709"><time>2026-01-01T01:06:36Z</time></trkpt>
<trkpt lat="-6.3549480" lon="106.8310145"><time>2026-01-01T01:06:37Z</time></trkpt>
<trkpt lat="-6.3548920" lon="106.8310581"><time>2026-01-01T01:06:38Z</time></trkpt>
<trkpt lat="-6.3548360" lon="106.8311018"><time>2026-01-01T01:06:39Z</time></trkpt>
<trkpt lat="-6.3547800" lon="106.8311454"><time>2026-01-01T01:06:40Z</time></trkpt>
<trkpt lat="-6.3547240" lon="106.8311891"><time>2026-01-01T01:06:41Z</time></trkpt>
<trkpt lat="-6.3546680" lon="106.8312327"><time>2026-01-01T01:06:42Z</time></trkpt>
<trkpt lat="-6.3546120" lon="106.8312764"><time>2026-01-01T01:06:43Z</time></trkpt>
<trkpt lat="-6.3545560" lon="106.8313200"><time>2026-01-01T01:06:44Z</time></trkpt>
<trkpt lat="-6.3545050" lon="106.8313597"><time>2026-01-01T01:06:45Z</time></trkpt>
<trkpt lat="-6.3544540" lon="106.8313993"><time>2026-01-01T01:06:46Z</time></trkpt>
<trkpt lat="-6.3544030" lon="106.8314390"><time>2026-01-01T01:06:47Z</time></trkpt>
<trkpt lat="-6.3543420" lon="106.8314725"><time>2026-01-01T01:06:48Z</time></trkpt>
<trkpt lat="-6.3542810" lon="106.8315060"><time>2026-01-01T01:06:49Z</time></trkpt>
<trkpt lat="-6.3542340" lon="106.8315270"><time>2026-01-01T01:06:50Z</time></trkpt>
<trkpt lat="-6.3541870" lon="106.8315480"><time>2026-01-01T01:06:51Z</time></trkpt>
<trkpt lat="-6.3541230" lon="106.8315710"><time>2026-01-01T01:06:52Z</time></trkpt>
<trkpt lat="-6.3540755" lon="106.8315850"><time>2026-01-01T01:06:53Z</time></trkpt>
<trkpt lat="-6.3540280" lon="106.8315990"><time>2026-01-01T01:06:54Z</time></trkpt>
<trkpt lat="-6.3539610" lon="106.8316120"><time>2026-01-01T01:06:55Z</time></trkpt>
<trkpt lat="-6.3538940" lon="106.8316250"><time>2026-01-01T01:06:56Z</time></trkpt>
<trkpt lat="-6.3538263" lon="106.8316357"><time>2026-01-01T01:06:57Z</time></trkpt>
<trkpt lat="-6.3537587" lon="106.8316463"><time>2026-01-01T01:06:58Z</time></trkpt>
<trkpt lat="-6.3536910" lon="106.8316570"><time>2026-01-01T01:06:59Z</time></trkpt>
<trkpt lat="-6.3536363" lon="106.8316648"><time>2026-01-01T01:07:00Z</time></trkpt>
<trkpt lat="-6.3535815" lon="106.8316725"><time>2026-01-01T01:07:01Z</time></trkpt>
<trkpt lat="-6.3535268" lon="106.8316803"><time>2026-01-01T01:07:02Z</time></trkpt>
<trkpt lat="-6.3534720" lon="106.8316880"><time>2026-01-01T01:07:03Z</time></trkpt>
<trkpt lat="-6.3534430" lon="106.8316910"><time>2026-01-01T01:07:04Z</time></trkpt>
<trkpt lat="-6.3533960" lon="106.8316980"><time>2026-01-01T01:07:05Z</time></trkpt>
<trkpt lat="-6.3533490" lon="106.8317050"><time>2026-01-01T01:07:06Z</time></trkpt>
<trkpt lat="-6.3532833" lon="106.8317163"><time>2026-01-01T01:07:07Z</time></trkpt>
<trkpt lat="-6.3532176" lon="106.8317276"><time>2026-01-01T01:07:08Z</time></trkpt>
<trkpt lat="-6.3531519" lon="106.8317389"><time>2026-01-01T01:07:09Z</time></trkpt>
<trkpt lat="-6.3530861" lon="106.8317501"><time>2026-01-01T01:07:10Z</time></trkpt>
<trkpt lat="-6.3530204" lon="106.8317614"><time>2026-01-01T01:07:11Z</time></trkpt>
<trkpt lat="-6.3529547" lon="106.8317727"><time>2026-01-01T01:07:12Z</time></trkpt>
<trkpt lat="-6.3528890" lon="106.8317840"><time>2026-01-01T01:07:13Z</time></trkpt>
<trkpt lat="-6.3528200" lon="106.8317898"><time>2026-01-01T01:07:14Z</time></trkpt>
<trkpt lat="-6.3527510" lon="106.8317957"><time>2026-01-01T01:07:15Z</time></trkpt>
<trkpt lat="-6.3526820" lon="106.8318015"><time>2026-01-01T01:07:16Z</time></trkpt>
<trkpt lat="-6.3526130" lon="106.8318073"><time>2026-01-01T01:07:17Z</time></trkpt>
<trkpt lat="-6.3525440" lon="106.8318132"><time>2026-01-01T01:07:18Z</time></trkpt>
<trkpt lat="-6.3524750" lon="106.8318190"><time>2026-01-01T01:07:19Z</time></trkpt>
<trkpt lat="-6.3524060" lon="106.8318160"><time>2026-01-01T01:07:20Z</time></trkpt>
<trkpt lat="-6.3523370" lon="106.8318130"><time>2026-01-01T01:07:21Z</time></trkpt>
<trkpt lat="-6.3522813" lon="106.8317945"><time>2026-01-01T01:07:22Z</time></trkpt>
<trkpt lat="-6.3522255" lon="106.8317760"><time>2026-01-01T01:07:23Z</time></trkpt>
<trkpt lat="-6.3521697" lon="106.8317575"><time>2026-01-01T01:07:24Z</time></trkpt>
<trkpt lat="-6.3521140" lon="106.8317390"><time>2026-01-01T01:07:25Z</time></trkpt>
<trkpt lat="-6.3520497" lon="106.8317160"><time>2026-01-01T01:07:26Z</time></trkpt>
<trkpt lat="-6.3519853" lon="106.8316930"><time>2026-01-01T01:07:27Z</time></trkpt>
<trkpt lat="-6.3519210" lon="106.8316700"><time>2026-01-01T01:07:28Z</time></trkpt>
<trkpt lat="-6.3519070" lon="106.8317105"><time>2026-01-01T01:07:29Z</time></trkpt>
<trkpt lat="-6.3518930" lon="106.8317510"><time>2026-01-01T01:07:30Z</time></trkpt>
<trkpt lat="-6.3519442" lon="106.8317735"><time>2026-01-01T01:07:31Z</time></trkpt>
<trkpt lat="-6.3519955" lon="106.8317960"><time>2026-01-01T01:07:32Z</time></trkpt>
<trkpt lat="-6.3520467" lon="106.8318185"><time>2026-01-01T01:07:33Z</time></trkpt>
<trkpt lat="-6.3520980" lon="106.8318410"><time>2026-01-01T01:07:34Z</time></trkpt>
<trkpt lat="-6.3521455" lon="106.8318575"><time>2026-01-01T01:07:35Z</time></trkpt>
<trkpt lat="-6.3521930" lon="106.8318740"><time>2026-01-01T01:07:36Z</time></trkpt>
<trkpt lat="-6.3522555" lon="106.8318900"><time>2026-01-01T01:07:37Z</time></trkpt>
<trkpt lat="-6.3523180" lon="106.8319060"><time>2026-01-01T01:07:38Z</time></trkpt>
<trkpt lat="-6.3523767" lon="106.8319087"><time>2026-01-01T01:07:39Z</time></trkpt>
<trkpt lat="-6.3524353" lon="106.8319113"><time>2026-01-01T01:07:40Z</time></trkpt>
<trkpt lat="-6.3524940" lon="106.8319140"><time>2026-01-01T01:07:41Z</time></trkpt>
<trkpt lat="-6.3525512" lon="106.8319062"><time>2026-01-01T01:07:41.180000Z</time></trkpt>
<trkpt lat="-6.3526084" lon="106.8318984"><time>2026-01-01T01:07:41.360000Z</time></trkpt>
<trkpt lat="-6.3526656" lon="106.8318906"><time>2026-01-01T01:07:41.540000Z</time></trkpt>
<trkpt lat="-6.3527228" lon="106.8318828"><time>2026-01-01T01:07:41.720000Z</time></trkpt>
<trkpt lat="-6.3527800" lon="106.8318750"><time>2026-01-01T01:07:42.720000Z</time></trkpt>
<trkpt lat="-6.3528340" lon="106.8318687"><time>2026-01-01T01:07:43.720000Z</time></trkpt>
<trkpt lat="-6.3528880" lon="106.8318625"><time>2026-01-01T01:07:44.720000Z</time></trkpt>
<trkpt lat="-6.3529420" lon="106.8318563"><time>2026-01-01T01:07:45.720000Z</time></trkpt>
<trkpt lat="-6.3529960" lon="106.8318500"><time>2026-01-01T01:07:46.720000Z</time></trkpt>
<trkpt lat="-6.3530609" lon="106.8318399"><time>2026-01-01T01:07:47.720000Z</time></trkpt>
<trkpt lat="-6.3531257" lon="106.8318297"><time>2026-01-01T01:07:48.720000Z</time></trkpt>
<trkpt lat="-6.3531906" lon="106.8318196"><time>2026-01-01T01:07:49.720000Z</time></trkpt>
<trkpt lat="-6.3532554" lon="106.8318094"><time>2026-01-01T01:07:50.720000Z</time></trkpt>
<trkpt lat="-6.3533203" lon="106.8317993"><time>2026-01-01T01:07:51.720000Z</time></trkpt>
<trkpt lat="-6.3533851" lon="106.8317891"><time>2026-01-01T01:07:52.720000Z</time></trkpt>
<trkpt lat="-6.3534500" lon="106.8317790"><time>2026-01-01T01:07:53.720000Z</time></trkpt>
<trkpt lat="-6.3535000" lon="106.8317710"><time>2026-01-01T01:07:54.720000Z</time></trkpt>
<trkpt lat="-6.3535370" lon="106.8317645"><time>2026-01-01T01:07:55.720000Z</time></trkpt>
<trkpt lat="-6.3535740" lon="106.8317580"><time>2026-01-01T01:07:56.720000Z</time></trkpt>
<trkpt lat="-6.3536390" lon="106.8317485"><time>2026-01-01T01:07:57.720000Z</time></trkpt>
<trkpt lat="-6.3537040" lon="106.8317390"><time>2026-01-01T01:07:58.720000Z</time></trkpt>
<trkpt lat="-6.3537690" lon="106.8317295"><time>2026-01-01T01:07:59.720000Z</time></trkpt>
<trkpt lat="-6.3538340" lon="106.8317200"><time>2026-01-01T01:08:00.720000Z</time></trkpt>
<trkpt lat="-6.3538915" lon="106.8317110"><time>2026-01-01T01:08:01.720000Z</time></trkpt>
<trkpt lat="-6.3539490" lon="106.8317020"><time>2026-01-01T01:08:02.720000Z</time></trkpt>
<trkpt lat="-6.3540175" lon="106.8316835"><time>2026-01-01T01:08:03.720000Z</time></trkpt>
<trkpt lat="-6.3540860" lon="106.8316650"><time>2026-01-01T01:08:04.720000Z</time></trkpt>
<trkpt lat="-6.3541525" lon="106.8316425"><time>2026-01-01T01:08:05.720000Z</time></trkpt>
<trkpt lat="-6.3542190" lon="106.8316200"><time>2026-01-01T01:08:06.720000Z</time></trkpt>
<trkpt lat="-6.3542795" lon="106.8315930"><time>2026-01-01T01:08:07.720000Z</time></trkpt>
<trkpt lat="-6.3543400" lon="106.8315660"><time>2026-01-01T01:08:08.720000Z</time></trkpt>
<trkpt lat="-6.3543935" lon="106.8315330"><time>2026-01-01T01:08:09.720000Z</time></trkpt>
<trkpt lat="-6.3544470" lon="106.8315000"><time>2026-01-01T01:08:10.720000Z</time></trkpt>
<trkpt lat="-6.3544930" lon="106.8314700"><time>2026-01-01T01:08:11.720000Z</time></trkpt>
<trkpt lat="-6.3545230" lon="106.8314485"><time>2026-01-01T01:08:12.720000Z</time></trkpt>
<trkpt lat="-6.3545530" lon="106.8314270"><time>2026-01-01T01:08:13.720000Z</time></trkpt>
<trkpt lat="-6.3545997" lon="106.8313903"><time>2026-01-01T01:08:14.720000Z</time></trkpt>
<trkpt lat="-6.3546463" lon="106.8313537"><time>2026-01-01T01:08:15.720000Z</time></trkpt>
<trkpt lat="-6.3546930" lon="106.8313170"><time>2026-01-01T01:08:16.720000Z</time></trkpt>
<trkpt lat="-6.3547370" lon="106.8312817"><time>2026-01-01T01:08:17.720000Z</time></trkpt>
<trkpt lat="-6.3547810" lon="106.8312463"><time>2026-01-01T01:08:18.720000Z</time></trkpt>
<trkpt lat="-6.3548250" lon="106.8312110"><time>2026-01-01T01:08:19.720000Z</time></trkpt>
<trkpt lat="-6.3548575" lon="106.8311830"><time>2026-01-01T01:08:20.720000Z</time></trkpt>
<trkpt lat="-6.3548900" lon="106.8311550"><time>2026-01-01T01:08:21.720000Z</time></trkpt>
<trkpt lat="-6.3549330" lon="106.8311207"><time>2026-01-01T01:08:22.720000Z</time></trkpt>
<trkpt lat="-6.3549760" lon="106.8310865"><time>2026-01-01T01:08:23.720000Z</time></trkpt>
<trkpt lat="-6.3550190" lon="106.8310522"><time>2026-01-01T01:08:24.720000Z</time></trkpt>
<trkpt lat="-6.3550620" lon="106.8310180"><time>2026-01-01T01:08:25.720000Z</time></trkpt>
<trkpt lat="-6.3551194" lon="106.8309744"><time>2026-01-01T01:08:26.720000Z</time></trkpt>
<trkpt lat="-6.3551768" lon="106.8309307"><time>2026-01-01T01:08:27.720000Z</time></trkpt>
<trkpt lat="-6.3552341" lon="106.8308871"><time>2026-01-01T01:08:28.720000Z</time></trkpt>
<trkpt lat="-6.3552915" lon="106.8308435"><time>2026-01-01T01:08:29.720000Z</time></trkpt>
<trkpt lat="-6.3553489" lon="106.8307999"><time>2026-01-01T01:08:30.720000Z</time></trkpt>
<trkpt lat="-6.3554063" lon="106.8307563"><time>2026-01-01T01:08:31.720000Z</time></trkpt>
<trkpt lat="-6.3554636" lon="106.8307126"><time>2026-01-01T01:08:32.720000Z</time></trkpt>
<trkpt lat="-6.3555210" lon="106.8306690"><time>2026-01-01T01:08:33.720000Z</time></trkpt>
<trkpt lat="-6.3555697" lon="106.8306279"><time>2026-01-01T01:08:34.720000Z</time></trkpt>
<trkpt lat="-6.3556184" lon="106.8305867"><time>2026-01-01T01:08:35.720000Z</time></trkpt>
<trkpt lat="-6.3556671" lon="106.8305456"><time>2026-01-01T01:08:36.720000Z</time></trkpt>
<trkpt lat="-6.3557159" lon="106.8305044"><time>2026-01-01T01:08:37.720000Z</time></trkpt>
<trkpt lat="-6.3557646" lon="106.8304633"><time>2026-01-01T01:08:38.720000Z</time></trkpt>
<trkpt lat="-6.3558133" lon="106.8304221"><time>2026-01-01T01:08:39.720000Z</time></trkpt>
<trkpt lat="-6.3558620" lon="106.8303810"><time>2026-01-01T01:08:40.720000Z</time></trkpt>
<trkpt lat="-6.3559030" lon="106.8303557"><time>2026-01-01T01:08:41.720000Z</time></trkpt>
<trkpt lat="-6.3559440" lon="106.8303303"><time>2026-01-01T01:08:42.720000Z</time></trkpt>
<trkpt lat="-6.3559850" lon="106.8303050"><time>2026-01-01T01:08:43.720000Z</time></trkpt>
<trkpt lat="-6.3560285" lon="106.8302810"><time>2026-01-01T01:08:44.720000Z</time></trkpt>
<trkpt lat="-6.3560720" lon="106.8302570"><time>2026-01-01T01:08:45.720000Z</time></trkpt>
<trkpt lat="-6.3561150" lon="106.8302385"><time>2026-01-01T01:08:46.720000Z</time></trkpt>
<trkpt lat="-6.3561580" lon="106.8302200"><time>2026-01-01T01:08:47.720000Z</time></trkpt>
<trkpt lat="-6.3561965" lon="106.8302140"><time>2026-01-01T01:08:48.720000Z</time></trkpt>
<trkpt lat="-6.3562350" lon="106.8302080"><time>2026-01-01T01:08:49.720000Z</time></trkpt>
<trkpt lat="-6.3562810" lon="106.8302000"><time>2026-01-01T01:08:50.720000Z</time></trkpt>
<trkpt lat="-6.3563270" lon="106.8301920"><time>2026-01-01T01:08:51.720000Z</time></trkpt>
<trkpt lat="-6.3563795" lon="106.8301870"><time>2026-01-01T01:08:52.720000Z</time></trkpt>
<trkpt lat="-6.3564320" lon="106.8301820"><time>2026-01-01T01:08:53.720000Z</time></trkpt>
<trkpt lat="-6.3564720" lon="106.8301820"><time>2026-01-01T01:08:54.720000Z</time></trkpt>
<trkpt lat="-6.3565120" lon="106.8301820"><time>2026-01-01T01:08:55.720000Z</time></trkpt>
<trkpt lat="-6.3565580" lon="106.8301875"><time>2026-01-01T01:08:56.720000Z</time></trkpt>
<trkpt lat="-6.3566040" lon="106.8301930"><time>2026-01-01T01:08:57.720000Z</time></trkpt>
<trkpt lat="-6.3566575" lon="106.8302030"><time>2026-01-01T01:08:58.720000Z</time></trkpt>
<trkpt lat="-6.3567110" lon="106.8302130"><time>2026-01-01T01:08:59.720000Z</time></trkpt>
<trkpt lat="-6.3567535" lon="106.8302275"><time>2026-01-01T01:09:00.720000Z</time></trkpt>
<trkpt lat="-6.3567960" lon="106.8302420"><time>2026-01-01T01:09:01.720000Z</time></trkpt>
<trkpt lat="-6.3568545" lon="106.8302675"><time>2026-01-01T01:09:02.720000Z</time></trkpt>
<trkpt lat="-6.3569130" lon="106.8302930"><time>2026-01-01T01:09:03.720000Z</time></trkpt>
<trkpt lat="-6.3569625" lon="106.8303285"><time>2026-01-01T01:09:04.720000Z</time></trkpt>
<trkpt lat="-6.3570120" lon="106.8303640"><time>2026-01-01T01:09:05.720000Z</time></trkpt>
<trkpt lat="-6.3570555" lon="106.8303965"><time>2026-01-01T01:09:06.720000Z</time></trkpt>
<trkpt lat="-6.3570990" lon="106.8304290"><time>2026-01-01T01:09:07.720000Z</time></trkpt>
<trkpt lat="-6.3571393" lon="106.8304627"><time>2026-01-01T01:09:08.720000Z</time></trkpt>
<trkpt lat="-6.3571797" lon="106.8304963"><time>2026-01-01T01:09:09.720000Z</time></trkpt>
<trkpt lat="-6.3572200" lon="106.8305300"><time>2026-01-01T01:09:10.720000Z</time></trkpt>
<trkpt lat="-6.3572682" lon="106.8305700"><time>2026-01-01T01:09:11.720000Z</time></trkpt>
<trkpt lat="-6.3573165" lon="106.8306100"><time>2026-01-01T01:09:12.720000Z</time></trkpt>
<trkpt lat="-6.3573648" lon="106.8306500"><time>2026-01-01T01:09:13.720000Z</time></trkpt>
<trkpt lat="-6.3574130" lon="106.8306900"><time>2026-01-01T01:09:14.720000Z</time></trkpt>
<trkpt lat="-6.3574685" lon="106.8307335"><time>2026-01-01T01:09:15.720000Z</time></trkpt>
<trkpt lat="-6.3575240" lon="106.8307770"><time>2026-01-01T01:09:16.720000Z</time></trkpt>
<trkpt lat="-6.3575795" lon="106.8308205"><time>2026-01-01T01:09:17.720000Z</time></trkpt>
<trkpt lat="-6.3576350" lon="106.8308640"><time>2026-01-01T01:09:18.720000Z</time></trkpt>
<trkpt lat="-6.3576913" lon="106.8309043"><time>2026-01-01T01:09:19.720000Z</time></trkpt>
<trkpt lat="-6.3577477" lon="106.8309447"><time>2026-01-01T01:09:20.720000Z</time></trkpt>
<trkpt lat="-6.3578040" lon="106.8309850"><time>2026-01-01T01:09:21.720000Z</time></trkpt>
<trkpt lat="-6.3578545" lon="106.8310235"><time>2026-01-01T01:09:22.720000Z</time></trkpt>
<trkpt lat="-6.3579050" lon="106.8310620"><time>2026-01-01T01:09:23.720000Z</time></trkpt>
<trkpt lat="-6.3578435" lon="106.8310730"><time>2026-01-01T01:09:24.720000Z</time></trkpt>
<trkpt lat="-6.3577820" lon="106.8310840"><time>2026-01-01T01:09:25.720000Z</time></trkpt>
<trkpt lat="-6.3577190" lon="106.8310880"><time>2026-01-01T01:09:26.720000Z</time></trkpt>
<trkpt lat="-6.3576510" lon="106.8310840"><time>2026-01-01T01:09:27.720000Z</time></trkpt>
<trkpt lat="-6.3576065" lon="106.8310745"><time>2026-01-01T01:09:28.720000Z</time></trkpt>
<trkpt lat="-6.3575620" lon="106.8310650"><time>2026-01-01T01:09:29.720000Z</time></trkpt>
<trkpt lat="-6.3575260" lon="106.8310580"><time>2026-01-01T01:09:30.720000Z</time></trkpt>
<trkpt lat="-6.3574900" lon="106.8310510"><time>2026-01-01T01:09:31.720000Z</time></trkpt>
<trkpt lat="-6.3574510" lon="106.8310430"><time>2026-01-01T01:09:32.720000Z</time></trkpt>
<trkpt lat="-6.3574170" lon="106.8310310"><time>2026-01-01T01:09:33.720000Z</time></trkpt>
<trkpt lat="-6.3573840" lon="106.8310160"><time>2026-01-01T01:09:34.720000Z</time></trkpt>
<trkpt lat="-6.3573510" lon="106.8309970"><time>2026-01-01T01:09:35.720000Z</time></trkpt>
<trkpt lat="-6.3573090" lon="106.8309670"><time>2026-01-01T01:09:36.720000Z</time></trkpt>
<trkpt lat="-6.3572650" lon="106.8309250"><time>2026-01-01T01:09:37.720000Z</time></trkpt>
<trkpt lat="-6.3572205" lon="106.8308830"><time>2026-01-01T01:09:38.720000Z</time></trkpt>
<trkpt lat="-6.3571760" lon="106.8308410"><time>2026-01-01T01:09:39.720000Z</time></trkpt>
<trkpt lat="-6.3571315" lon="106.8307990"><time>2026-01-01T01:09:40.720000Z</time></trkpt>
<trkpt lat="-6.3570870" lon="106.8307570"><time>2026-01-01T01:09:41.720000Z</time></trkpt>
<trkpt lat="-6.3570485" lon="106.8307260"><time>2026-01-01T01:09:42.720000Z</time></trkpt>
<trkpt lat="-6.3570100" lon="106.8306950"><time>2026-01-01T01:09:43.720000Z</time></trkpt>
<trkpt lat="-6.3569795" lon="106.8306645"><time>2026-01-01T01:09:44.720000Z</time></trkpt>
<trkpt lat="-6.3569490" lon="106.8306340"><time>2026-01-01T01:09:45.720000Z</time></trkpt>
<trkpt lat="-6.3569225" lon="106.8306095"><time>2026-01-01T01:09:46.720000Z</time></trkpt>
<trkpt lat="-6.3568960" lon="106.8305850"><time>2026-01-01T01:09:47.720000Z</time></trkpt>
<trkpt lat="-6.3568460" lon="106.8305430"><time>2026-01-01T01:09:48.720000Z</time></trkpt>
<trkpt lat="-6.3568160" lon="106.8305200"><time>2026-01-01T01:09:49.720000Z</time></trkpt>
<trkpt lat="-6.3567860" lon="106.8304970"><time>2026-01-01T01:09:50.720000Z</time></trkpt>
<trkpt lat="-6.3567430" lon="106.8304670"><time>2026-01-01T01:09:51.720000Z</time></trkpt>
<trkpt lat="-6.3566990" lon="106.8304400"><time>2026-01-01T01:09:52.720000Z</time></trkpt>
<trkpt lat="-6.3566550" lon="106.8304130"><time>2026-01-01T01:09:53.720000Z</time></trkpt>
<trkpt lat="-6.3566060" lon="106.8303880"><time>2026-01-01T01:09:54.720000Z</time></trkpt>
<trkpt lat="-6.3565600" lon="106.8303680"><time>2026-01-01T01:09:55.720000Z</time></trkpt>
<trkpt lat="-6.3565030" lon="106.8303490"><time>2026-01-01T01:09:56.720000Z</time></trkpt>
<trkpt lat="-6.3564540" lon="106.8303360"><time>2026-01-01T01:09:57.720000Z</time></trkpt>
<trkpt lat="-6.3564050" lon="106.8303290"><time>2026-01-01T01:09:58.720000Z</time></trkpt>
<trkpt lat="-6.3563420" lon="106.8303260"><time>2026-01-01T01:09:59.720000Z</time></trkpt>
<trkpt lat="-6.3562860" lon="106.8303290"><time>2026-01-01T01:10:00.720000Z</time></trkpt>
<trkpt lat="-6.3562270" lon="106.8303400"><time>2026-01-01T01:10:01.720000Z</time></trkpt>
<trkpt lat="-6.3561750" lon="106.8303560"><time>2026-01-01T01:10:02.720000Z</time></trkpt>
<trkpt lat="-6.3561220" lon="106.8303810"><time>2026-01-01T01:10:03.720000Z</time></trkpt>
<trkpt lat="-6.3560760" lon="106.8304070"><time>2026-01-01T01:10:04.720000Z</time></trkpt>
<trkpt lat="-6.3560280" lon="106.8304380"><time>2026-01-01T01:10:05.720000Z</time></trkpt>
<trkpt lat="-6.3559870" lon="106.8304740"><time>2026-01-01T01:10:06.720000Z</time></trkpt>
<trkpt lat="-6.3559400" lon="106.8305250"><time>2026-01-01T01:10:07.720000Z</time></trkpt>
<trkpt lat="-6.3559020" lon="106.8305730"><time>2026-01-01T01:10:08.720000Z</time></trkpt>
<trkpt lat="-6.3558670" lon="106.8306200"><time>2026-01-01T01:10:09.720000Z</time></trkpt>
<trkpt lat="-6.3558320" lon="106.8306790"><time>2026-01-01T01:10:10.720000Z</time></trkpt>
<trkpt lat="-6.3558050" lon="106.8307370"><time>2026-01-01T01:10:11.720000Z</time></trkpt>
<trkpt lat="-6.3557820" lon="106.8308030"><time>2026-01-01T01:10:12.720000Z</time></trkpt>
<trkpt lat="-6.3557650" lon="106.8308630"><time>2026-01-01T01:10:13.720000Z</time></trkpt>
<trkpt lat="-6.3557575" lon="106.8308990"><time>2026-01-01T01:10:14.720000Z</time></trkpt>
<trkpt lat="-6.3557500" lon="106.8309350"><time>2026-01-01T01:10:15.720000Z</time></trkpt>
<trkpt lat="-6.3557415" lon="106.8309920"><time>2026-01-01T01:10:16.720000Z</time></trkpt>
<trkpt lat="-6.3557330" lon="106.8310490"><time>2026-01-01T01:10:17.720000Z</time></trkpt>
<trkpt lat="-6.3557240" lon="106.8311095"><time>2026-01-01T01:10:18.720000Z</time></trkpt>
<trkpt lat="-6.3557150" lon="106.8311700"><time>2026-01-01T01:10:19.720000Z</time></trkpt>
<trkpt lat="-6.3557080" lon="106.8312277"><time>2026-01-01T01:10:20.720000Z</time></trkpt>
<trkpt lat="-6.3557010" lon="106.8312853"><time>2026-01-01T01:10:21.720000Z</time></trkpt>
<trkpt lat="-6.3556940" lon="106.8313430"><time>2026-01-01T01:10:22.720000Z</time></trkpt>
<trkpt lat="-6.3556852" lon="106.8314114"><time>2026-01-01T01:10:23.720000Z</time></trkpt>
<trkpt lat="-6.3556764" lon="106.8314797"><time>2026-01-01T01:10:24.720000Z</time></trkpt>
<trkpt lat="-6.3556675" lon="106.8315481"><time>2026-01-01T01:10:25.720000Z</time></trkpt>
<trkpt lat="-6.3556587" lon="106.8316165"><time>2026-01-01T01:10:26.720000Z</time></trkpt>
<trkpt lat="-6.3556499" lon="106.8316848"><time>2026-01-01T01:10:27.720000Z</time></trkpt>
<trkpt lat="-6.3556411" lon="106.8317532"><time>2026-01-01T01:10:28.720000Z</time></trkpt>
<trkpt lat="-6.3556323" lon="106.8318215"><time>2026-01-01T01:10:29.720000Z</time></trkpt>
<trkpt lat="-6.3556235" lon="106.8318899"><time>2026-01-01T01:10:30.720000Z</time></trkpt>
<trkpt lat="-6.3556146" lon="106.8319583"><time>2026-01-01T01:10:31.720000Z</time></trkpt>
<trkpt lat="-6.3556058" lon="106.8320266"><time>2026-01-01T01:10:32.720000Z</time></trkpt>
<trkpt lat="-6.3555970" lon="106.8320950"><time>2026-01-01T01:10:33.720000Z</time></trkpt>
<trkpt lat="-6.3555885" lon="106.8321655"><time>2026-01-01T01:10:34.720000Z</time></trkpt>
<trkpt lat="-6.3555800" lon="106.8322360"><time>2026-01-01T01:10:35.720000Z</time></trkpt>
<trkpt lat="-6.3555715" lon="106.8323065"><time>2026-01-01T01:10:36.720000Z</time></trkpt>
<trkpt lat="-6.3555630" lon="106.8323770"><time>2026-01-01T01:10:37.720000Z</time></trkpt>
<trkpt lat="-6.3555545" lon="106.8324475"><time>2026-01-01T01:10:38.720000Z</time></trkpt>
<trkpt lat="-6.3555460" lon="106.8325180"><time>2026-01-01T01:10:39.720000Z</time></trkpt>
<trkpt lat="-6.3555367" lon="106.8325810"><time>2026-01-01T01:10:40.720000Z</time></trkpt>
<trkpt lat="-6.3555273" lon="106.8326440"><time>2026-01-01T01:10:41.720000Z</time></trkpt>
<trkpt lat="-6.3555180" lon="106.8327070"><time>2026-01-01T01:10:42.720000Z</time></trkpt>
<trkpt lat="-6.3555075" lon="106.8327750"><time>2026-01-01T01:10:43.720000Z</time></trkpt>
<trkpt lat="-6.3554970" lon="106.8328430"><time>2026-01-01T01:10:44.720000Z</time></trkpt>
<trkpt lat="-6.3554877" lon="106.8329145"><time>2026-01-01T01:10:45.720000Z</time></trkpt>
<trkpt lat="-6.3554785" lon="106.8329860"><time>2026-01-01T01:10:46.720000Z</time></trkpt>
<trkpt lat="-6.3554692" lon="106.8330575"><time>2026-01-01T01:10:47.720000Z</time></trkpt>
<trkpt lat="-6.3554600" lon="106.8331290"><time>2026-01-01T01:10:48.720000Z</time></trkpt>
<trkpt lat="-6.3554505" lon="106.8331990"><time>2026-01-01T01:10:49.720000Z</time></trkpt>
<trkpt lat="-6.3554410" lon="106.8332690"><time>2026-01-01T01:10:50.720000Z</time></trkpt>
<trkpt lat="-6.3554315" lon="106.8333390"><time>2026-01-01T01:10:51.720000Z</time></trkpt>
<trkpt lat="-6.3554220" lon="106.8334090"><time>2026-01-01T01:10:52.720000Z</time></trkpt>
<trkpt lat="-6.3554142" lon="106.8334682"><time>2026-01-01T01:10:53.720000Z</time></trkpt>
<trkpt lat="-6.3554064" lon="106.8335274"><time>2026-01-01T01:10:54.720000Z</time></trkpt>
<trkpt lat="-6.3553986" lon="106.8335866"><time>2026-01-01T01:10:55.720000Z</time></trkpt>
<trkpt lat="-6.3553908" lon="106.8336458"><time>2026-01-01T01:10:56.720000Z</time></trkpt>
<trkpt lat="-6.3553830" lon="106.8337050"><time>2026-01-01T01:10:57.720000Z</time></trkpt>
<trkpt lat="-6.3553725" lon="106.8337692"><time>2026-01-01T01:10:58.720000Z</time></trkpt>
<trkpt lat="-6.3553620" lon="106.8338335"><time>2026-01-01T01:10:59.720000Z</time></trkpt>
<trkpt lat="-6.3553515" lon="106.8338978"><time>2026-01-01T01:11:00.720000Z</time></trkpt>
<trkpt lat="-6.3553410" lon="106.8339620"><time>2026-01-01T01:11:01.720000Z</time></trkpt>
<trkpt lat="-6.3553323" lon="106.8340253"><time>2026-01-01T01:11:02.720000Z</time></trkpt>
<trkpt lat="-6.3553237" lon="106.8340887"><time>2026-01-01T01:11:03.720000Z</time></trkpt>
<trkpt lat="-6.3553150" lon="106.8341520"><time>2026-01-01T01:11:04.720000Z</time></trkpt>
<trkpt lat="-6.3553080" lon="106.8342114"><time>2026-01-01T01:11:05.720000Z</time></trkpt>
<trkpt lat="-6.3553010" lon="106.8342708"><time>2026-01-01T01:11:06.720000Z</time></trkpt>
<trkpt lat="-6.3552940" lon="106.8343302"><time>2026-01-01T01:11:07.720000Z</time></trkpt>
<trkpt lat="-6.3552870" lon="106.8343896"><time>2026-01-01T01:11:08.720000Z</time></trkpt>
<trkpt lat="-6.3552800" lon="106.8344490"><time>2026-01-01T01:11:09.720000Z</time></trkpt>
<trkpt lat="-6.3552572" lon="106.8345120"><time>2026-01-01T01:11:10.720000Z</time></trkpt>
<trkpt lat="-6.3552344" lon="106.8345750"><time>2026-01-01T01:11:11.720000Z</time></trkpt>
<trkpt lat="-6.3552116" lon="106.8346380"><time>2026-01-01T01:11:12.720000Z</time></trkpt>
<trkpt lat="-6.3551888" lon="106.8347010"><time>2026-01-01T01:11:13.720000Z</time></trkpt>
<trkpt lat="-6.3551660" lon="106.8347640"><time>2026-01-01T01:11:14.720000Z</time></trkpt>
<trkpt lat="-6.3551580" lon="106.8347860"><time>2026-01-01T01:11:15.720000Z</time></trkpt>
<trkpt lat="-6.3551352" lon="106.8348444"><time>2026-01-01T01:11:16.720000Z</time></trkpt>
<trkpt lat="-6.3551124" lon="106.8349028"><time>2026-01-01T01:11:17.720000Z</time></trkpt>
<trkpt lat="-6.3550896" lon="106.8349612"><time>2026-01-01T01:11:18.720000Z</time></trkpt>
<trkpt lat="-6.3550668" lon="106.8350196"><time>2026-01-01T01:11:19.720000Z</time></trkpt>
<trkpt lat="-6.3550440" lon="106.8350780"><time>2026-01-01T01:11:20.720000Z</time></trkpt>
<trkpt lat="-6.3550135" lon="106.8351355"><time>2026-01-01T01:11:21.720000Z</time></trkpt>
<trkpt lat="-6.3549830" lon="106.8351930"><time>2026-01-01T01:11:22.720000Z</time></trkpt>
<trkpt lat="-6.3549495" lon="106.8352520"><time>2026-01-01T01:11:23.720000Z</time></trkpt>
<trkpt lat="-6.3549160" lon="106.8353110"><time>2026-01-01T01:11:24.720000Z</time></trkpt>
<trkpt lat="-6.3548795" lon="106.8353720"><time>2026-01-01T01:11:25.720000Z</time></trkpt>
<trkpt lat="-6.3548430" lon="106.8354330"><time>2026-01-01T01:11:26.720000Z</time></trkpt>
<trkpt lat="-6.3548030" lon="106.8353770"><time>2026-01-01T01:11:27.720000Z</time></trkpt>
<trkpt lat="-6.3547820" lon="106.8353420"><time>2026-01-01T01:11:28.720000Z</time></trkpt>
<trkpt lat="-6.3547610" lon="106.8353070"><time>2026-01-01T01:11:29.720000Z</time></trkpt>
<trkpt lat="-6.3547540" lon="106.8352930"><time>2026-01-01T01:11:30.720000Z</time></trkpt>
<trkpt lat="-6.3547330" lon="106.8352395"><time>2026-01-01T01:11:31.720000Z</time></trkpt>
<trkpt lat="-6.3547120" lon="106.8351860"><time>2026-01-01T01:11:32.720000Z</time></trkpt>
<trkpt lat="-6.3546975" lon="106.8351400"><time>2026-01-01T01:11:33.720000Z</time></trkpt>
<trkpt lat="-6.3546830" lon="106.8350940"><time>2026-01-01T01:11:34.720000Z</time></trkpt>
<trkpt lat="-6.3546660" lon="106.8350250"><time>2026-01-01T01:11:35.720000Z</time></trkpt>
<trkpt lat="-6.3546597" lon="106.8349710"><time>2026-01-01T01:11:36.720000Z</time></trkpt>
<trkpt lat="-6.3546535" lon="106.8349170"><time>2026-01-01T01:11:37.720000Z</time></trkpt>
<trkpt lat="-6.3546473" lon="106.8348630"><time>2026-01-01T01:11:38.720000Z</time></trkpt>
<trkpt lat="-6.3546410" lon="106.8348090"><time>2026-01-01T01:11:39.720000Z</time></trkpt>
<trkpt lat="-6.3546087" lon="106.8347593"><time>2026-01-01T01:11:40.720000Z</time></trkpt>
<trkpt lat="-6.3545763" lon="106.8347097"><time>2026-01-01T01:11:41.720000Z</time></trkpt>
<trkpt lat="-6.3545440" lon="106.8346600"><time>2026-01-01T01:11:42.720000Z</time></trkpt>
<trkpt lat="-6.3545086" lon="106.8346050"><time>2026-01-01T01:11:43.720000Z</time></trkpt>
<trkpt lat="-6.3544731" lon="106.8345500"><time>2026-01-01T01:11:44.720000Z</time></trkpt>
<trkpt lat="-6.3544377" lon="106.8344950"><time>2026-01-01T01:11:45.720000Z</time></trkpt>
<trkpt lat="-6.3544023" lon="106.8344400"><time>2026-01-01T01:11:46.720000Z</time></trkpt>
<trkpt lat="-6.3543669" lon="106.8343850"><time>2026-01-01T01:11:47.720000Z</time></trkpt>
<trkpt lat="-6.3543314" lon="106.8343300"><time>2026-01-01T01:11:48.720000Z</time></trkpt>
<trkpt lat="-6.3542960" lon="106.8342750"><time>2026-01-01T01:11:49.720000Z</time></trkpt>
<trkpt lat="-6.3542690" lon="106.8342345"><time>2026-01-01T01:11:50.720000Z</time></trkpt>
<trkpt lat="-6.3542420" lon="106.8341940"><time>2026-01-01T01:11:51.720000Z</time></trkpt>
<trkpt lat="-6.3542075" lon="106.8341325"><time>2026-01-01T01:11:52.720000Z</time></trkpt>
<trkpt lat="-6.3541730" lon="106.8340710"><time>2026-01-01T01:11:53.720000Z</time></trkpt>
<trkpt lat="-6.3541560" lon="106.8340390"><time>2026-01-01T01:11:54.720000Z</time></trkpt>
<trkpt lat="-6.3541390" lon="106.8340070"><time>2026-01-01T01:11:55.720000Z</time></trkpt>
<trkpt lat="-6.3541160" lon="106.8339500"><time>2026-01-01T01:11:56.720000Z</time></trkpt>
<trkpt lat="-6.3541055" lon="106.8338985"><time>2026-01-01T01:11:57.720000Z</time></trkpt>
<trkpt lat="-6.3540950" lon="106.8338470"><time>2026-01-01T01:11:58.720000Z</time></trkpt>
<trkpt lat="-6.3540850" lon="106.8337795"><time>2026-01-01T01:11:59.720000Z</time></trkpt>
<trkpt lat="-6.3540750" lon="106.8337120"><time>2026-01-01T01:12:00.720000Z</time></trkpt>
<trkpt lat="-6.3541225" lon="106.8336930"><time>2026-01-01T01:12:01.720000Z</time></trkpt>
<trkpt lat="-6.3541700" lon="106.8336740"><time>2026-01-01T01:12:02.720000Z</time></trkpt>
<trkpt lat="-6.3542115" lon="106.8336525"><time>2026-01-01T01:12:03.720000Z</time></trkpt>
<trkpt lat="-6.3542530" lon="106.8336310"><time>2026-01-01T01:12:04.720000Z</time></trkpt>
<trkpt lat="-6.3543090" lon="106.8335970"><time>2026-01-01T01:12:05.720000Z</time></trkpt>
<trkpt lat="-6.3543460" lon="106.8335575"><time>2026-01-01T01:12:06.720000Z</time></trkpt>
<trkpt lat="-6.3543830" lon="106.8335180"><time>2026-01-01T01:12:07.720000Z</time></trkpt>
<trkpt lat="-6.3543960" lon="106.8334780"><time>2026-01-01T01:12:08.720000Z</time></trkpt>
<trkpt lat="-6.3544000" lon="106.8334360"><time>2026-01-01T01:12:09.720000Z</time></trkpt>
<trkpt lat="-6.3543970" lon="106.8333955"><time>2026-01-01T01:12:10.720000Z</time></trkpt>
<trkpt lat="-6.3543940" lon="106.8333550"><time>2026-01-01T01:12:11.720000Z</time></trkpt>
<trkpt lat="-6.3543920" lon="106.8332985"><time>2026-01-01T01:12:12.720000Z</time></trkpt>
<trkpt lat="-6.3543900" lon="106.8332420"><time>2026-01-01T01:12:13.720000Z</time></trkpt>
<trkpt lat="-6.3543910" lon="106.8332040"><time>2026-01-01T01:12:14.720000Z</time></trkpt>
<trkpt lat="-6.3543920" lon="106.8331660"><time>2026-01-01T01:12:15.720000Z</time></trkpt>
<trkpt lat="-6.3543930" lon="106.8331235"><time>2026-01-01T01:12:16.720000Z</time></trkpt>
<trkpt lat="-6.3543940" lon="106.8330810"><time>2026-01-01T01:12:17.720000Z</time></trkpt>
<trkpt lat="-6.3543980" lon="106.8330120"><time>2026-01-01T01:12:18.720000Z</time></trkpt>
<trkpt lat="-6.3544080" lon="106.8329420"><time>2026-01-01T01:12:19.720000Z</time></trkpt>
<trkpt lat="-6.3544230" lon="106.8328930"><time>2026-01-01T01:12:20.720000Z</time></trkpt>
<trkpt lat="-6.3544290" lon="106.8328270"><time>2026-01-01T01:12:21.720000Z</time></trkpt>
<trkpt lat="-6.3544235" lon="106.8327865"><time>2026-01-01T01:12:22.720000Z</time></trkpt>
<trkpt lat="-6.3544180" lon="106.8327460"><time>2026-01-01T01:12:23.720000Z</time></trkpt>
<trkpt lat="-6.3544150" lon="106.8327300"><time>2026-01-01T01:12:24.720000Z</time></trkpt>
<trkpt lat="-6.3544040" lon="106.8326880"><time>2026-01-01T01:12:25.720000Z</time></trkpt>
<trkpt lat="-6.3543890" lon="106.8326235"><time>2026-01-01T01:12:26.720000Z</time></trkpt>
<trkpt lat="-6.3543740" lon="106.8325590"><time>2026-01-01T01:12:27.720000Z</time></trkpt>
<trkpt lat="-6.3543615" lon="106.8325010"><time>2026-01-01T01:12:28.720000Z</time></trkpt>
<trkpt lat="-6.3543490" lon="106.8324430"><time>2026-01-01T01:12:29.720000Z</time></trkpt>
<trkpt lat="-6.3543405" lon="106.8323872"><time>2026-01-01T01:12:30.720000Z</time></trkpt>
<trkpt lat="-6.3543320" lon="106.8323315"><time>2026-01-01T01:12:31.720000Z</time></trkpt>
<trkpt lat="-6.3543235" lon="106.8322758"><time>2026-01-01T01:12:32.720000Z</time></trkpt>
<trkpt lat="-6.3543150" lon="106.8322200"><time>2026-01-01T01:12:33.720000Z</time></trkpt>
<trkpt lat="-6.3543740" lon="106.8322170"><time>2026-01-01T01:12:34.720000Z</time></trkpt>
<trkpt lat="-6.3544330" lon="106.8322140"><time>2026-01-01T01:12:35.720000Z</time></trkpt>
<trkpt lat="-6.3544995" lon="106.8322155"><time>2026-01-01T01:12:36.720000Z</time></trkpt>
<trkpt lat="-6.3545660" lon="106.8322170"><time>2026-01-01T01:12:37.720000Z</time></trkpt>
<trkpt lat="-6.3546035" lon="106.8322215"><time>2026-01-01T01:12:38.720000Z</time></trkpt>
<trkpt lat="-6.3546410" lon="106.8322260"><time>2026-01-01T01:12:39.720000Z</time></trkpt>
<trkpt lat="-6.3546870" lon="106.8322310"><time>2026-01-01T01:12:40.720000Z</time></trkpt>
<trkpt lat="-6.3547315" lon="106.8322385"><time>2026-01-01T01:12:41.720000Z</time></trkpt>
<trkpt lat="-6.3547760" lon="106.8322460"><time>2026-01-01T01:12:42.720000Z</time></trkpt>
<trkpt lat="-6.3548220" lon="106.8322530"><time>2026-01-01T01:12:43.720000Z</time></trkpt>
<trkpt lat="-6.3548730" lon="106.8322640"><time>2026-01-01T01:12:44.720000Z</time></trkpt>
<trkpt lat="-6.3549125" lon="106.8322805"><time>2026-01-01T01:12:45.720000Z</time></trkpt>
<trkpt lat="-6.3549520" lon="106.8322970"><time>2026-01-01T01:12:46.720000Z</time></trkpt>
<trkpt lat="-6.3549905" lon="106.8323205"><time>2026-01-01T01:12:47.720000Z</time></trkpt>
<trkpt lat="-6.3550290" lon="106.8323440"><time>2026-01-01T01:12:48.720000Z</time></trkpt>
<trkpt lat="-6.3550687" lon="106.8323833"><time>2026-01-01T01:12:49.720000Z</time></trkpt>
<trkpt lat="-6.3551083" lon="106.8324227"><time>2026-01-01T01:12:50.720000Z</time></trkpt>
<trkpt lat="-6.3551480" lon="106.8324620"><time>2026-01-01T01:12:51.720000Z</time></trkpt>
<trkpt lat="-6.3551875" lon="106.8325015"><time>2026-01-01T01:12:52.720000Z</time></trkpt>
<trkpt lat="-6.3552270" lon="106.8325410"><time>2026-01-01T01:12:53.720000Z</time></trkpt>
<trkpt lat="-6.3552695" lon="106.8325950"><time>2026-01-01T01:12:54.720000Z</time></trkpt>
<trkpt lat="-6.3553120" lon="106.8326490"><time>2026-01-01T01:12:55.720000Z</time></trkpt>
<trkpt lat="-6.3553397" lon="106.8326913"><time>2026-01-01T01:12:56.720000Z</time></trkpt>
<trkpt lat="-6.3553673" lon="106.8327337"><time>2026-01-01T01:12:57.720000Z</time></trkpt>
<trkpt lat="-6.3553950" lon="106.8327760"><time>2026-01-01T01:12:58.720000Z</time></trkpt>
<trkpt lat="-6.3554254" lon="106.8328286"><time>2026-01-01T01:12:59.720000Z</time></trkpt>
<trkpt lat="-6.3554558" lon="106.8328812"><time>2026-01-01T01:13:00.720000Z</time></trkpt>
<trkpt lat="-6.3554862" lon="106.8329338"><time>2026-01-01T01:13:01.720000Z</time></trkpt>
<trkpt lat="-6.3555166" lon="106.8329864"><time>2026-01-01T01:13:02.720000Z</time></trkpt>
<trkpt lat="-6.3555470" lon="106.8330390"><time>2026-01-01T01:13:03.720000Z</time></trkpt>
<trkpt lat="-6.3555760" lon="106.8330840"><time>2026-01-01T01:13:04.720000Z</time></trkpt>
<trkpt lat="-6.3556090" lon="106.8331280"><time>2026-01-01T01:13:05.720000Z</time></trkpt>
<trkpt lat="-6.3556380" lon="106.8331600"><time>2026-01-01T01:13:06.720000Z</time></trkpt>
<trkpt lat="-6.3556740" lon="106.8331920"><time>2026-01-01T01:13:07.720000Z</time></trkpt>
<trkpt lat="-6.3557090" lon="106.8332190"><time>2026-01-01T01:13:08.720000Z</time></trkpt>
<trkpt lat="-6.3557430" lon="106.8332430"><time>2026-01-01T01:13:09.720000Z</time></trkpt>
<trkpt lat="-6.3557950" lon="106.8332740"><time>2026-01-01T01:13:10.720000Z</time></trkpt>
<trkpt lat="-6.3558470" lon="106.8332970"><time>2026-01-01T01:13:11.720000Z</time></trkpt>
<trkpt lat="-6.3558990" lon="106.8333140"><time>2026-01-01T01:13:12.720000Z</time></trkpt>
<trkpt lat="-6.3559560" lon="106.8333240"><time>2026-01-01T01:13:13.720000Z</time></trkpt>
<trkpt lat="-6.3560120" lon="106.8333310"><time>2026-01-01T01:13:14.720000Z</time></trkpt>
<trkpt lat="-6.3560650" lon="106.8333340"><time>2026-01-01T01:13:15.720000Z</time></trkpt>
<trkpt lat="-6.3561220" lon="106.8333320"><time>2026-01-01T01:13:16.720000Z</time></trkpt>
<trkpt lat="-6.3561860" lon="106.8333250"><time>2026-01-01T01:13:17.720000Z</time></trkpt>
<trkpt lat="-6.3562360" lon="106.8333130"><time>2026-01-01T01:13:18.720000Z</time></trkpt>
<trkpt lat="-6.3562870" lon="106.8332940"><time>2026-01-01T01:13:19.720000Z</time></trkpt>
<trkpt lat="-6.3563470" lon="106.8332700"><time>2026-01-01T01:13:20.720000Z</time></trkpt>
<trkpt lat="-6.3563993" lon="106.8332473"><time>2026-01-01T01:13:21.720000Z</time></trkpt>
<trkpt lat="-6.3564517" lon="106.8332247"><time>2026-01-01T01:13:22.720000Z</time></trkpt>
<trkpt lat="-6.3565040" lon="106.8332020"><time>2026-01-01T01:13:23.720000Z</time></trkpt>
<trkpt lat="-6.3565610" lon="106.8331760"><time>2026-01-01T01:13:24.720000Z</time></trkpt>
<trkpt lat="-6.3566180" lon="106.8331500"><time>2026-01-01T01:13:25.720000Z</time></trkpt>
<trkpt lat="-6.3566695" lon="106.8331255"><time>2026-01-01T01:13:26.720000Z</time></trkpt>
<trkpt lat="-6.3567210" lon="106.8331010"><time>2026-01-01T01:13:27.720000Z</time></trkpt>
<trkpt lat="-6.3567807" lon="106.8330733"><time>2026-01-01T01:13:28.720000Z</time></trkpt>
<trkpt lat="-6.3568403" lon="106.8330457"><time>2026-01-01T01:13:29.720000Z</time></trkpt>
<trkpt lat="-6.3569000" lon="106.8330180"><time>2026-01-01T01:13:30.720000Z</time></trkpt>
<trkpt lat="-6.3569603" lon="106.8329843"><time>2026-01-01T01:13:31.720000Z</time></trkpt>
<trkpt lat="-6.3570207" lon="106.8329507"><time>2026-01-01T01:13:32.720000Z</time></trkpt>
<trkpt lat="-6.3570810" lon="106.8329170"><time>2026-01-01T01:13:33.720000Z</time></trkpt>
<trkpt lat="-6.3571310" lon="106.8328920"><time>2026-01-01T01:13:34.720000Z</time></trkpt>
<trkpt lat="-6.3571810" lon="106.8328670"><time>2026-01-01T01:13:35.720000Z</time></trkpt>
<trkpt lat="-6.3572310" lon="106.8328420"><time>2026-01-01T01:13:36.720000Z</time></trkpt>
<trkpt lat="-6.3572810" lon="106.8328170"><time>2026-01-01T01:13:37.720000Z</time></trkpt>
<trkpt lat="-6.3573430" lon="106.8327863"><time>2026-01-01T01:13:38.720000Z</time></trkpt>
<trkpt lat="-6.3574050" lon="106.8327557"><time>2026-01-01T01:13:39.720000Z</time></trkpt>
<trkpt lat="-6.3574670" lon="106.8327250"><time>2026-01-01T01:13:40.720000Z</time></trkpt>
<trkpt lat="-6.3575210" lon="106.8326980"><time>2026-01-01T01:13:41.720000Z</time></trkpt>
<trkpt lat="-6.3575755" lon="106.8326805"><time>2026-01-01T01:13:42.720000Z</time></trkpt>
<trkpt lat="-6.3576300" lon="106.8326630"><time>2026-01-01T01:13:43.720000Z</time></trkpt>
<trkpt lat="-6.3576580" lon="106.8326560"><time>2026-01-01T01:13:44.720000Z</time></trkpt>
<trkpt lat="-6.3576950" lon="106.8326505"><time>2026-01-01T01:13:45.720000Z</time></trkpt>
<trkpt lat="-6.3577320" lon="106.8326450"><time>2026-01-01T01:13:46.720000Z</time></trkpt>
<trkpt lat="-6.3577965" lon="106.8326450"><time>2026-01-01T01:13:47.720000Z</time></trkpt>
<trkpt lat="-6.3578610" lon="106.8326450"><time>2026-01-01T01:13:48.720000Z</time></trkpt>
<trkpt lat="-6.3579025" lon="106.8326460"><time>2026-01-01T01:13:49.720000Z</time></trkpt>
<trkpt lat="-6.3579440" lon="106.8326470"><time>2026-01-01T01:13:50.720000Z</time></trkpt>
<trkpt lat="-6.3579987" lon="106.8326560"><time>2026-01-01T01:13:51.720000Z</time></trkpt>
<trkpt lat="-6.3580533" lon="106.8326650"><time>2026-01-01T01:13:52.720000Z</time></trkpt>
<trkpt lat="-6.3581080" lon="106.8326740"><time>2026-01-01T01:13:53.720000Z</time></trkpt>
<trkpt lat="-6.3581480" lon="106.8326840"><time>2026-01-01T01:13:54.720000Z</time></trkpt>
<trkpt lat="-6.3581880" lon="106.8326940"><time>2026-01-01T01:13:55.720000Z</time></trkpt>
<trkpt lat="-6.3582480" lon="106.8327050"><time>2026-01-01T01:13:56.720000Z</time></trkpt>
<trkpt lat="-6.3583080" lon="106.8327160"><time>2026-01-01T01:13:57.720000Z</time></trkpt>
<trkpt lat="-6.3583680" lon="106.8327270"><time>2026-01-01T01:13:58.720000Z</time></trkpt>
<trkpt lat="-6.3584345" lon="106.8327461"><time>2026-01-01T01:13:59.720000Z</time></trkpt>
<trkpt lat="-6.3585011" lon="106.8327652"><time>2026-01-01T01:14:00.720000Z</time></trkpt>
<trkpt lat="-6.3585676" lon="106.8327842"><time>2026-01-01T01:14:01.720000Z</time></trkpt>
<trkpt lat="-6.3586342" lon="106.8328033"><time>2026-01-01T01:14:02.720000Z</time></trkpt>
<trkpt lat="-6.3587007" lon="106.8328224"><time>2026-01-01T01:14:03.720000Z</time></trkpt>
<trkpt lat="-6.3587672" lon="106.8328415"><time>2026-01-01T01:14:04.720000Z</time></trkpt>
<trkpt lat="-6.3588338" lon="106.8328605"><time>2026-01-01T01:14:05.720000Z</time></trkpt>
<trkpt lat="-6.3589003" lon="106.8328796"><time>2026-01-01T01:14:06.720000Z</time></trkpt>
<trkpt lat="-6.3589668" lon="106.8328987"><time>2026-01-01T01:14:07.720000Z</time></trkpt>
<trkpt lat="-6.3590334" lon="106.8329178"><time>2026-01-01T01:14:08.720000Z</time></trkpt>
<trkpt lat="-6.3590999" lon="106.8329368"><time>2026-01-01T01:14:09.720000Z</time></trkpt>
<trkpt lat="-6.3591665" lon="106.8329559"><time>2026-01-01T01:14:10.720000Z</time></trkpt>
<trkpt lat="-6.3592330" lon="106.8329750"><time>2026-01-01T01:14:11.720000Z</time></trkpt>
<trkpt lat="-6.3593010" lon="106.8329970"><time>2026-01-01T01:14:12.720000Z</time></trkpt>
<trkpt lat="-6.3593652" lon="106.8330156"><time>2026-01-01T01:14:13.720000Z</time></trkpt>
<trkpt lat="-6.3594294" lon="106.8330343"><time>2026-01-01T01:14:14.720000Z</time></trkpt>
<trkpt lat="-6.3594935" lon="106.8330529"><time>2026-01-01T01:14:15.720000Z</time></trkpt>
<trkpt lat="-6.3595577" lon="106.8330715"><time>2026-01-01T01:14:16.720000Z</time></trkpt>
<trkpt lat="-6.3596219" lon="106.8330902"><time>2026-01-01T01:14:17.720000Z</time></trkpt>
<trkpt lat="-6.3596861" lon="106.8331088"><time>2026-01-01T01:14:18.720000Z</time></trkpt>
<trkpt lat="-6.3597503" lon="106.8331275"><time>2026-01-01T01:14:19.720000Z</time></trkpt>
<trkpt lat="-6.3598145" lon="106.8331461"><time>2026-01-01T01:14:20.720000Z</time></trkpt>
<trkpt lat="-6.3598786" lon="106.8331647"><time>2026-01-01T01:14:21.720000Z</time></trkpt>
<trkpt lat="-6.3599428" lon="106.8331834"><time>2026-01-01T01:14:22.720000Z</time></trkpt>
<trkpt lat="-6.3600070" lon="106.8332020"><time>2026-01-01T01:14:23.720000Z</time></trkpt>
<trkpt lat="-6.3600677" lon="106.8332197"><time>2026-01-01T01:14:24.720000Z</time></trkpt>
<trkpt lat="-6.3601284" lon="106.8332374"><time>2026-01-01T01:14:25.720000Z</time></trkpt>
<trkpt lat="-6.3601891" lon="106.8332551"><time>2026-01-01T01:14:26.720000Z</time></trkpt>
<trkpt lat="-6.3602499" lon="106.8332729"><time>2026-01-01T01:14:27.720000Z</time></trkpt>
<trkpt lat="-6.3603106" lon="106.8332906"><time>2026-01-01T01:14:28.720000Z</time></trkpt>
<trkpt lat="-6.3603713" lon="106.8333083"><time>2026-01-01T01:14:29.720000Z</time></trkpt>
<trkpt lat="-6.3604320" lon="106.8333260"><time>2026-01-01T01:14:30.720000Z</time></trkpt>
<trkpt lat="-6.3604690" lon="106.8333370"><time>2026-01-01T01:14:31.720000Z</time></trkpt>
<trkpt lat="-6.3605060" lon="106.8333480"><time>2026-01-01T01:14:32.720000Z</time></trkpt>
<trkpt lat="-6.3605718" lon="106.8333654"><time>2026-01-01T01:14:33.720000Z</time></trkpt>
<trkpt lat="-6.3606375" lon="106.8333827"><time>2026-01-01T01:14:34.720000Z</time></trkpt>
<trkpt lat="-6.3607033" lon="106.8334001"><time>2026-01-01T01:14:35.720000Z</time></trkpt>
<trkpt lat="-6.3607690" lon="106.8334175"><time>2026-01-01T01:14:36.720000Z</time></trkpt>
<trkpt lat="-6.3608347" lon="106.8334349"><time>2026-01-01T01:14:37.720000Z</time></trkpt>
<trkpt lat="-6.3609005" lon="106.8334523"><time>2026-01-01T01:14:38.720000Z</time></trkpt>
<trkpt lat="-6.3609662" lon="106.8334696"><time>2026-01-01T01:14:39.720000Z</time></trkpt>
<trkpt lat="-6.3610320" lon="106.8334870"><time>2026-01-01T01:14:40.720000Z</time></trkpt>
<trkpt lat="-6.3610945" lon="106.8335010"><time>2026-01-01T01:14:41.720000Z</time></trkpt>
<trkpt lat="-6.3611570" lon="106.8335150"><time>2026-01-01T01:14:42.720000Z</time></trkpt>
<trkpt lat="-6.3612186" lon="106.8335256"><time>2026-01-01T01:14:43.720000Z</time></trkpt>
<trkpt lat="-6.3612802" lon="106.8335362"><time>2026-01-01T01:14:44.720000Z</time></trkpt>
<trkpt lat="-6.3613418" lon="106.8335468"><time>2026-01-01T01:14:45.720000Z</time></trkpt>
<trkpt lat="-6.3614034" lon="106.8335574"><time>2026-01-01T01:14:46.720000Z</time></trkpt>
<trkpt lat="-6.3614650" lon="106.8335680"><time>2026-01-01T01:14:47.720000Z</time></trkpt>
<trkpt lat="-6.3615050" lon="106.8335750"><time>2026-01-01T01:14:48.720000Z</time></trkpt>
<trkpt lat="-6.3615620" lon="106.8335797"><time>2026-01-01T01:14:49.720000Z</time></trkpt>
<trkpt lat="-6.3616190" lon="106.8335845"><time>2026-01-01T01:14:50.720000Z</time></trkpt>
<trkpt lat="-6.3616760" lon="106.8335893"><time>2026-01-01T01:14:51.720000Z</time></trkpt>
<trkpt lat="-6.3617330" lon="106.8335940"><time>2026-01-01T01:14:52.720000Z</time></trkpt>
<trkpt lat="-6.3617981" lon="106.8336004"><time>2026-01-01T01:14:53.720000Z</time></trkpt>
<trkpt lat="-6.3618632" lon="106.8336069"><time>2026-01-01T01:14:54.720000Z</time></trkpt>
<trkpt lat="-6.3619283" lon="106.8336133"><time>2026-01-01T01:14:55.720000Z</time></trkpt>
<trkpt lat="-6.3619934" lon="106.8336198"><time>2026-01-01T01:14:56.720000Z</time></trkpt>
<trkpt lat="-6.3620586" lon="106.8336262"><time>2026-01-01T01:14:57.720000Z</time></trkpt>
<trkpt lat="-6.3621237" lon="106.8336327"><time>2026-01-01T01:14:58.720000Z</time></trkpt>
<trkpt lat="-6.3621888" lon="106.8336391"><time>2026-01-01T01:14:59.720000Z</time></trkpt>
<trkpt lat="-6.3622539" lon="106.8336456"><time>2026-01-01T01:15:00.720000Z</time></trkpt>
<trkpt lat="-6.3623190" lon="106.8336520"><time>2026-01-01T01:15:01.720000Z</time></trkpt>
<trkpt lat="-6.3623813" lon="106.8336597"><time>2026-01-01T01:15:02.720000Z</time></trkpt>
<trkpt lat="-6.3624437" lon="106.8336673"><time>2026-01-01T01:15:03.720000Z</time></trkpt>
<trkpt lat="-6.3625060" lon="106.8336750"><time>2026-01-01T01:15:04.720000Z</time></trkpt>
<trkpt lat="-6.3625455" lon="106.8336815"><time>2026-01-01T01:15:05.720000Z</time></trkpt>
<trkpt lat="-6.3625850" lon="106.8336880"><time>2026-01-01T01:15:06.720000Z</time></trkpt>
<trkpt lat="-6.3626385" lon="106.8336945"><time>2026-01-01T01:15:07.720000Z</time></trkpt>
<trkpt lat="-6.3626920" lon="106.8337010"><time>2026-01-01T01:15:08.720000Z</time></trkpt>
<trkpt lat="-6.3627633" lon="106.8337090"><time>2026-01-01T01:15:09.720000Z</time></trkpt>
<trkpt lat="-6.3628345" lon="106.8337170"><time>2026-01-01T01:15:10.720000Z</time></trkpt>
<trkpt lat="-6.3629057" lon="106.8337250"><time>2026-01-01T01:15:11.720000Z</time></trkpt>
<trkpt lat="-6.3629770" lon="106.8337330"><time>2026-01-01T01:15:12.720000Z</time></trkpt>
<trkpt lat="-6.3630483" lon="106.8337410"><time>2026-01-01T01:15:13.720000Z</time></trkpt>
<trkpt lat="-6.3631195" lon="106.8337490"><time>2026-01-01T01:15:14.720000Z</time></trkpt>
<trkpt lat="-6.3631907" lon="106.8337570"><time>2026-01-01T01:15:15.720000Z</time></trkpt>
<trkpt lat="-6.3632620" lon="106.8337650"><time>2026-01-01T01:15:16.720000Z</time></trkpt>
<trkpt lat="-6.3633260" lon="106.8337723"><time>2026-01-01T01:15:17.720000Z</time></trkpt>
<trkpt lat="-6.3633900" lon="106.8337796"><time>2026-01-01T01:15:18.720000Z</time></trkpt>
<trkpt lat="-6.3634540" lon="106.8337869"><time>2026-01-01T01:15:19.720000Z</time></trkpt>
<trkpt lat="-6.3635180" lon="106.8337941"><time>2026-01-01T01:15:20.720000Z</time></trkpt>
<trkpt lat="-6.3635820" lon="106.8338014"><time>2026-01-01T01:15:24.220000Z</time></trkpt>
<trkpt lat="-6.3636460" lon="106.8338087"><time>2026-01-01T01:15:27.720000Z</time></trkpt>
<trkpt lat="-6.3637100" lon="106.8338160"><time>2026-01-01T01:15:31.220000Z</time></trkpt>
<trkpt lat="-6.3637720" lon="106.8338230"><time>2026-01-01T01:15:32.220000Z</time></trkpt>
<trkpt lat="-6.3638340" lon="106.8338300"><time>2026-01-01T01:15:33.220000Z</time></trkpt>
<trkpt lat="-6.3638823" lon="106.8338347"><time>2026-01-01T01:15:34.220000Z</time></trkpt>
<trkpt lat="-6.3639307" lon="106.8338393"><time>2026-01-01T01:15:35.220000Z</time></trkpt>
<trkpt lat="-6.3639790" lon="106.8338440"><time>2026-01-01T01:15:36.220000Z</time></trkpt>
<trkpt lat="-6.3640150" lon="106.8338495"><time>2026-01-01T01:15:37.220000Z</time></trkpt>
<trkpt lat="-6.3640510" lon="106.8338550"><time>2026-01-01T01:15:38.220000Z</time></trkpt>
<trkpt lat="-6.3640885" lon="106.8338590"><time>2026-01-01T01:15:39.220000Z</time></trkpt>
<trkpt lat="-6.3641260" lon="106.8338630"><time>2026-01-01T01:15:40.220000Z</time></trkpt>
<trkpt lat="-6.3641860" lon="106.8338700"><time>2026-01-01T01:15:41.220000Z</time></trkpt>
<trkpt lat="-6.3642460" lon="106.8338770"><time>2026-01-01T01:15:42.220000Z</time></trkpt>
<trkpt lat="-6.3643060" lon="106.8338840"><time>2026-01-01T01:15:43.220000Z</time></trkpt>
<trkpt lat="-6.3643772" lon="106.8338920"><time>2026-01-01T01:15:44.220000Z</time></trkpt>
<trkpt lat="-6.3644484" lon="106.8339000"><time>2026-01-01T01:15:45.220000Z</time></trkpt>
<trkpt lat="-6.3645196" lon="106.8339080"><time>2026-01-01T01:15:46.220000Z</time></trkpt>
<trkpt lat="-6.3645908" lon="106.8339160"><time>2026-01-01T01:15:47.220000Z</time></trkpt>
<trkpt lat="-6.3646620" lon="106.8339240"><time>2026-01-01T01:15:48.220000Z</time></trkpt>
<trkpt lat="-6.3647272" lon="106.8339317"><time>2026-01-01T01:15:49.220000Z</time></trkpt>
<trkpt lat="-6.3647924" lon="106.8339393"><time>2026-01-01T01:15:50.220000Z</time></trkpt>
<trkpt lat="-6.3648577" lon="106.8339470"><time>2026-01-01T01:15:51.220000Z</time></trkpt>
<trkpt lat="-6.3649229" lon="106.8339547"><time>2026-01-01T01:15:52.220000Z</time></trkpt>
<trkpt lat="-6.3649881" lon="106.8339623"><time>2026-01-01T01:15:53.220000Z</time></trkpt>
<trkpt lat="-6.3650533" lon="106.8339700"><time>2026-01-01T01:15:54.220000Z</time></trkpt>
<trkpt lat="-6.3651186" lon="106.8339777"><time>2026-01-01T01:15:55.220000Z</time></trkpt>
<trkpt lat="-6.3651838" lon="106.8339853"><time>2026-01-01T01:15:56.220000Z</time></trkpt>
<trkpt lat="-6.3652490" lon="106.8339930"><time>2026-01-01T01:15:57.220000Z</time></trkpt>
<trkpt lat="-6.3653055" lon="106.8339998"><time>2026-01-01T01:15:58.220000Z</time></trkpt>
<trkpt lat="-6.3653620" lon="106.8340065"><time>2026-01-01T01:15:59.220000Z</time></trkpt>
<trkpt lat="-6.3654185" lon="106.8340132"><time>2026-01-01T01:16:00.220000Z</time></trkpt>
<trkpt lat="-6.3654750" lon="106.8340200"><time>2026-01-01T01:16:01.220000Z</time></trkpt>
<trkpt lat="-6.3655110" lon="106.8340240"><time>2026-01-01T01:16:02.220000Z</time></trkpt>
<trkpt lat="-6.3655470" lon="106.8340280"><time>2026-01-01T01:16:03.220000Z</time></trkpt>
<trkpt lat="-6.3656146" lon="106.8340336"><time>2026-01-01T01:16:04.220000Z</time></trkpt>
<trkpt lat="-6.3656822" lon="106.8340392"><time>2026-01-01T01:16:05.220000Z</time></trkpt>
<trkpt lat="-6.3657497" lon="106.8340448"><time>2026-01-01T01:16:06.220000Z</time></trkpt>
<trkpt lat="-6.3658173" lon="106.8340503"><time>2026-01-01T01:16:07.220000Z</time></trkpt>
<trkpt lat="-6.3658849" lon="106.8340559"><time>2026-01-01T01:16:08.220000Z</time></trkpt>
<trkpt lat="-6.3659525" lon="106.8340615"><time>2026-01-01T01:16:09.220000Z</time></trkpt>
<trkpt lat="-6.3660201" lon="106.8340671"><time>2026-01-01T01:16:10.220000Z</time></trkpt>
<trkpt lat="-6.3660877" lon="106.8340727"><time>2026-01-01T01:16:11.220000Z</time></trkpt>
<trkpt lat="-6.3661553" lon="106.8340783"><time>2026-01-01T01:16:12.220000Z</time></trkpt>
<trkpt lat="-6.3662228" lon="106.8340838"><time>2026-01-01T01:16:13.220000Z</time></trkpt>
<trkpt lat="-6.3662904" lon="106.8340894"><time>2026-01-01T01:16:14.220000Z</time></trkpt>
<trkpt lat="-6.3663580" lon="106.8340950"><time>2026-01-01T01:16:15.220000Z</time></trkpt>
<trkpt lat="-6.3664230" lon="106.8340994"><time>2026-01-01T01:16:16.220000Z</time></trkpt>
<trkpt lat="-6.3664880" lon="106.8341038"><time>2026-01-01T01:16:17.220000Z</time></trkpt>
<trkpt lat="-6.3665530" lon="106.8341082"><time>2026-01-01T01:16:18.220000Z</time></trkpt>
<trkpt lat="-6.3666180" lon="106.8341126"><time>2026-01-01T01:16:19.220000Z</time></trkpt>
<trkpt lat="-6.3666830" lon="106.8341170"><time>2026-01-01T01:16:20.220000Z</time></trkpt>
<trkpt lat="-6.3667528" lon="106.8341220"><time>2026-01-01T01:16:21.220000Z</time></trkpt>
<trkpt lat="-6.3668226" lon="106.8341270"><time>2026-01-01T01:16:22.220000Z</time></trkpt>
<trkpt lat="-6.3668924" lon="106.8341320"><time>2026-01-01T01:16:23.220000Z</time></trkpt>
<trkpt lat="-6.3669623" lon="106.8341370"><time>2026-01-01T01:16:24.220000Z</time></trkpt>
<trkpt lat="-6.3670321" lon="106.8341420"><time>2026-01-01T01:16:25.220000Z</time></trkpt>
<trkpt lat="-6.3671019" lon="106.8341470"><time>2026-01-01T01:16:26.220000Z</time></trkpt>
<trkpt lat="-6.3671717" lon="106.8341520"><time>2026-01-01T01:16:27.220000Z</time></trkpt>
<trkpt lat="-6.3672415" lon="106.8341570"><time>2026-01-01T01:16:28.220000Z</time></trkpt>
<trkpt lat="-6.3673113" lon="106.8341620"><time>2026-01-01T01:16:29.220000Z</time></trkpt>
<trkpt lat="-6.3673811" lon="106.8341670"><time>2026-01-01T01:16:30.220000Z</time></trkpt>
<trkpt lat="-6.3674509" lon="106.8341720"><time>2026-01-01T01:16:31.220000Z</time></trkpt>
<trkpt lat="-6.3675207" lon="106.8341770"><time>2026-01-01T01:16:32.220000Z</time></trkpt>
<trkpt lat="-6.3675906" lon="106.8341820"><time>2026-01-01T01:16:33.220000Z</time></trkpt>
<trkpt lat="-6.3676604" lon="106.8341870"><time>2026-01-01T01:16:34.220000Z</time></trkpt>
<trkpt lat="-6.3677302" lon="106.8341920"><time>2026-01-01T01:16:35.220000Z</time></trkpt>
<trkpt lat="-6.3678000" lon="106.8341970"><time>2026-01-01T01:16:36.220000Z</time></trkpt>
<trkpt lat="-6.3678633" lon="106.8341980"><time>2026-01-01T01:16:37.220000Z</time></trkpt>
<trkpt lat="-6.3679265" lon="106.8341990"><time>2026-01-01T01:16:38.220000Z</time></trkpt>
<trkpt lat="-6.3679897" lon="106.8342000"><time>2026-01-01T01:16:39.220000Z</time></trkpt>
<trkpt lat="-6.3680530" lon="106.8342010"><time>2026-01-01T01:16:40.220000Z</time></trkpt>
<trkpt lat="-6.3681190" lon="106.8341965"><time>2026-01-01T01:16:41.220000Z</time></trkpt>
<trkpt lat="-6.3681850" lon="106.8341920"><time>2026-01-01T01:16:42.220000Z</time></trkpt>
<trkpt lat="-6.3682510" lon="106.8341875"><time>2026-01-01T01:16:43.220000Z</time></trkpt>
<trkpt lat="-6.3683170" lon="106.8341830"><time>2026-01-01T01:16:44.220000Z</time></trkpt>
<trkpt lat="-6.3683760" lon="106.8341760"><time>2026-01-01T01:16:45.220000Z</time></trkpt>
<trkpt lat="-6.3684275" lon="106.8341655"><time>2026-01-01T01:16:46.220000Z</time></trkpt>
<trkpt lat="-6.3684790" lon="106.8341550"><time>2026-01-01T01:16:47.220000Z</time></trkpt>
<trkpt lat="-6.3685377" lon="106.8341427"><time>2026-01-01T01:16:48.220000Z</time></trkpt>
<trkpt lat="-6.3685965" lon="106.8341305"><time>2026-01-01T01:16:49.220000Z</time></trkpt>
<trkpt lat="-6.3686552" lon="106.8341183"><time>2026-01-01T01:16:50.220000Z</time></trkpt>
<trkpt lat="-6.3687140" lon="106.8341060"><time>2026-01-01T01:16:51.220000Z</time></trkpt>
<trkpt lat="-6.3687811" lon="106.8340875"><time>2026-01-01T01:16:52.220000Z</time></trkpt>
<trkpt lat="-6.3688481" lon="106.8340691"><time>2026-01-01T01:16:53.220000Z</time></trkpt>
<trkpt lat="-6.3689152" lon="106.8340506"><time>2026-01-01T01:16:54.220000Z</time></trkpt>
<trkpt lat="-6.3689823" lon="106.8340321"><time>2026-01-01T01:16:55.220000Z</time></trkpt>
<trkpt lat="-6.3690493" lon="106.8340137"><time>2026-01-01T01:16:56.220000Z</time></trkpt>
<trkpt lat="-6.3691164" lon="106.8339952"><time>2026-01-01T01:16:57.220000Z</time></trkpt>
<trkpt lat="-6.3691835" lon="106.8339767"><time>2026-01-01T01:16:58.220000Z</time></trkpt>
<trkpt lat="-6.3692505" lon="106.8339583"><time>2026-01-01T01:16:59.220000Z</time></trkpt>
<trkpt lat="-6.3693176" lon="106.8339398"><time>2026-01-01T01:17:00.220000Z</time></trkpt>
<trkpt lat="-6.3693847" lon="106.8339213"><time>2026-01-01T01:17:01.220000Z</time></trkpt>
<trkpt lat="-6.3694517" lon="106.8339029"><time>2026-01-01T01:17:02.220000Z</time></trkpt>
<trkpt lat="-6.3695188" lon="106.8338844"><time>2026-01-01T01:17:03.220000Z</time></trkpt>
<trkpt lat="-6.3695859" lon="106.8338659"><time>2026-01-01T01:17:04.220000Z</time></trkpt>
<trkpt lat="-6.3696529" lon="106.8338475"><time>2026-01-01T01:17:05.220000Z</time></trkpt>
<trkpt lat="-6.3697200" lon="106.8338290"><time>2026-01-01T01:17:06.220000Z</time></trkpt>
<trkpt lat="-6.3697600" lon="106.8338140"><time>2026-01-01T01:17:07.220000Z</time></trkpt>
<trkpt lat="-6.3698000" lon="106.8337990"><time>2026-01-01T01:17:08.220000Z</time></trkpt>
<trkpt lat="-6.3698642" lon="106.8337783"><time>2026-01-01T01:17:09.220000Z</time></trkpt>
<trkpt lat="-6.3699284" lon="106.8337577"><time>2026-01-01T01:17:10.220000Z</time></trkpt>
<trkpt lat="-6.3699927" lon="106.8337370"><time>2026-01-01T01:17:11.220000Z</time></trkpt>
<trkpt lat="-6.3700569" lon="106.8337163"><time>2026-01-01T01:17:12.220000Z</time></trkpt>
<trkpt lat="-6.3701211" lon="106.8336957"><time>2026-01-01T01:17:13.220000Z</time></trkpt>
<trkpt lat="-6.3701853" lon="106.8336750"><time>2026-01-01T01:17:14.220000Z</time></trkpt>
<trkpt lat="-6.3702496" lon="106.8336543"><time>2026-01-01T01:17:15.220000Z</time></trkpt>
<trkpt lat="-6.3703138" lon="106.8336337"><time>2026-01-01T01:17:16.220000Z</time></trkpt>
<trkpt lat="-6.3703780" lon="106.8336130"><time>2026-01-01T01:17:17.220000Z</time></trkpt>
<trkpt lat="-6.3704447" lon="106.8335917"><time>2026-01-01T01:17:18.220000Z</time></trkpt>
<trkpt lat="-6.3705115" lon="106.8335705"><time>2026-01-01T01:17:19.220000Z</time></trkpt>
<trkpt lat="-6.3705782" lon="106.8335493"><time>2026-01-01T01:17:20.220000Z</time></trkpt>
<trkpt lat="-6.3706450" lon="106.8335280"><time>2026-01-01T01:17:21.220000Z</time></trkpt>
<trkpt lat="-6.3707054" lon="106.8335086"><time>2026-01-01T01:17:22.220000Z</time></trkpt>
<trkpt lat="-6.3707658" lon="106.8334892"><time>2026-01-01T01:17:23.220000Z</time></trkpt>
<trkpt lat="-6.3708262" lon="106.8334698"><time>2026-01-01T01:17:24.220000Z</time></trkpt>
<trkpt lat="-6.3708866" lon="106.8334504"><time>2026-01-01T01:17:25.220000Z</time></trkpt>
<trkpt lat="-6.3709470" lon="106.8334310"><time>2026-01-01T01:17:26.220000Z</time></trkpt>
<trkpt lat="-6.3710117" lon="106.8334097"><time>2026-01-01T01:17:27.220000Z</time></trkpt>
<trkpt lat="-6.3710764" lon="106.8333884"><time>2026-01-01T01:17:28.220000Z</time></trkpt>
<trkpt lat="-6.3711411" lon="106.8333671"><time>2026-01-01T01:17:29.220000Z</time></trkpt>
<trkpt lat="-6.3712059" lon="106.8333459"><time>2026-01-01T01:17:30.220000Z</time></trkpt>
<trkpt lat="-6.3712706" lon="106.8333246"><time>2026-01-01T01:17:31.220000Z</time></trkpt>
<trkpt lat="-6.3713353" lon="106.8333033"><time>2026-01-01T01:17:32.220000Z</time></trkpt>
<trkpt lat="-6.3714000" lon="106.8332820"><time>2026-01-01T01:17:33.220000Z</time></trkpt>
<trkpt lat="-6.3714583" lon="106.8332673"><time>2026-01-01T01:17:34.220000Z</time></trkpt>
<trkpt lat="-6.3715167" lon="106.8332527"><time>2026-01-01T01:17:35.220000Z</time></trkpt>
<trkpt lat="-6.3715750" lon="106.8332380"><time>2026-01-01T01:17:36.220000Z</time></trkpt>
<trkpt lat="-6.3716390" lon="106.8332220"><time>2026-01-01T01:17:37.220000Z</time></trkpt>
<trkpt lat="-6.3717030" lon="106.8332060"><time>2026-01-01T01:17:38.220000Z</time></trkpt>
<trkpt lat="-6.3717670" lon="106.8331900"><time>2026-01-01T01:17:39.220000Z</time></trkpt>
<trkpt lat="-6.3718310" lon="106.8331740"><time>2026-01-01T01:17:40.220000Z</time></trkpt>
<trkpt lat="-6.3718640" lon="106.8331660"><time>2026-01-01T01:17:41.220000Z</time></trkpt>
<trkpt lat="-6.3719270" lon="106.8331505"><time>2026-01-01T01:17:42.220000Z</time></trkpt>
<trkpt lat="-6.3719900" lon="106.8331350"><time>2026-01-01T01:17:43.220000Z</time></trkpt>
<trkpt lat="-6.3720530" lon="106.8331195"><time>2026-01-01T01:17:44.220000Z</time></trkpt>
<trkpt lat="-6.3721160" lon="106.8331040"><time>2026-01-01T01:17:45.220000Z</time></trkpt>
<trkpt lat="-6.3721790" lon="106.8330885"><time>2026-01-01T01:17:46.220000Z</time></trkpt>
<trkpt lat="-6.3722420" lon="106.8330730"><time>2026-01-01T01:17:47.220000Z</time></trkpt>
<trkpt lat="-6.3723050" lon="106.8330575"><time>2026-01-01T01:17:48.220000Z</time></trkpt>
<trkpt lat="-6.3723680" lon="106.8330420"><time>2026-01-01T01:17:49.220000Z</time></trkpt>
<trkpt lat="-6.3724260" lon="106.8330280"><time>2026-01-01T01:17:50.220000Z</time></trkpt>
<trkpt lat="-6.3724840" lon="106.8330125"><time>2026-01-01T01:17:51.220000Z</time></trkpt>
<trkpt lat="-6.3725420" lon="106.8329970"><time>2026-01-01T01:17:52.220000Z</time></trkpt>
<trkpt lat="-6.3725860" lon="106.8329850"><time>2026-01-01T01:17:53.220000Z</time></trkpt>
<trkpt lat="-6.3726300" lon="106.8329730"><time>2026-01-01T01:17:54.220000Z</time></trkpt>
<trkpt lat="-6.3726918" lon="106.8329555"><time>2026-01-01T01:17:55.220000Z</time></trkpt>
<trkpt lat="-6.3727537" lon="106.8329380"><time>2026-01-01T01:17:56.220000Z</time></trkpt>
<trkpt lat="-6.3728155" lon="106.8329205"><time>2026-01-01T01:17:57.220000Z</time></trkpt>
<trkpt lat="-6.3728773" lon="106.8329030"><time>2026-01-01T01:17:58.220000Z</time></trkpt>
<trkpt lat="-6.3729392" lon="106.8328855"><time>2026-01-01T01:17:59.220000Z</time></trkpt>
<trkpt lat="-6.3730010" lon="106.8328680"><time>2026-01-01T01:18:00.220000Z</time></trkpt>
<trkpt lat="-6.3730487" lon="106.8328547"><time>2026-01-01T01:18:01.220000Z</time></trkpt>
<trkpt lat="-6.3730963" lon="106.8328413"><time>2026-01-01T01:18:02.220000Z</time></trkpt>
<trkpt lat="-6.3731440" lon="106.8328280"><time>2026-01-01T01:18:03.220000Z</time></trkpt>
<trkpt lat="-6.3732067" lon="106.8328028"><time>2026-01-01T01:18:04.220000Z</time></trkpt>
<trkpt lat="-6.3732695" lon="106.8327775"><time>2026-01-01T01:18:05.220000Z</time></trkpt>
<trkpt lat="-6.3733323" lon="106.8327522"><time>2026-01-01T01:18:06.220000Z</time></trkpt>
<trkpt lat="-6.3733950" lon="106.8327270"><time>2026-01-01T01:18:07.220000Z</time></trkpt>
<trkpt lat="-6.3734450" lon="106.8327090"><time>2026-01-01T01:18:08.220000Z</time></trkpt>
<trkpt lat="-6.3734810" lon="106.8327000"><time>2026-01-01T01:18:09.220000Z</time></trkpt>
<trkpt lat="-6.3735300" lon="106.8326880"><time>2026-01-01T01:18:10.220000Z</time></trkpt>
<trkpt lat="-6.3735390" lon="106.8326850"><time>2026-01-01T01:18:11.220000Z</time></trkpt>
<trkpt lat="-6.3736000" lon="106.8326680"><time>2026-01-01T01:18:12.220000Z</time></trkpt>
<trkpt lat="-6.3736592" lon="106.8326505"><time>2026-01-01T01:18:13.220000Z</time></trkpt>
<trkpt lat="-6.3737185" lon="106.8326330"><time>2026-01-01T01:18:14.220000Z</time></trkpt>
<trkpt lat="-6.3737778" lon="106.8326155"><time>2026-01-01T01:18:15.220000Z</time></trkpt>
<trkpt lat="-6.3738370" lon="106.8325980"><time>2026-01-01T01:18:16.220000Z</time></trkpt>
<trkpt lat="-6.3738985" lon="106.8325825"><time>2026-01-01T01:18:17.220000Z</time></trkpt>
<trkpt lat="-6.3739600" lon="106.8325670"><time>2026-01-01T01:18:18.220000Z</time></trkpt>
<trkpt lat="-6.3740030" lon="106.8325565"><time>2026-01-01T01:18:19.220000Z</time></trkpt>
<trkpt lat="-6.3740460" lon="106.8325460"><time>2026-01-01T01:18:20.220000Z</time></trkpt>
<trkpt lat="-6.3740990" lon="106.8325340"><time>2026-01-01T01:18:21.220000Z</time></trkpt>
<trkpt lat="-6.3741440" lon="106.8325260"><time>2026-01-01T01:18:22.220000Z</time></trkpt>
<trkpt lat="-6.3741890" lon="106.8325180"><time>2026-01-01T01:18:23.220000Z</time></trkpt>
<trkpt lat="-6.3742335" lon="106.8325095"><time>2026-01-01T01:18:24.220000Z</time></trkpt>
<trkpt lat="-6.3742780" lon="106.8325010"><time>2026-01-01T01:18:25.220000Z</time></trkpt>
<trkpt lat="-6.3743150" lon="106.8324910"><time>2026-01-01T01:18:26.220000Z</time></trkpt>
<trkpt lat="-6.3743835" lon="106.8324770"><time>2026-01-01T01:18:27.220000Z</time></trkpt>
<trkpt lat="-6.3744520" lon="106.8324630"><time>2026-01-01T01:18:28.220000Z</time></trkpt>
<trkpt lat="-6.3745130" lon="106.8324500"><time>2026-01-01T01:18:29.220000Z</time></trkpt>
<trkpt lat="-6.3745740" lon="106.8324370"><time>2026-01-01T01:18:30.220000Z</time></trkpt>
<trkpt lat="-6.3746350" lon="106.8324240"><time>2026-01-01T01:18:31.220000Z</time></trkpt>
<trkpt lat="-6.3746960" lon="106.8324110"><time>2026-01-01T01:18:32.220000Z</time></trkpt>
<trkpt lat="-6.3747574" lon="106.8324006"><time>2026-01-01T01:18:33.220000Z</time></trkpt>
<trkpt lat="-6.3748188" lon="106.8323902"><time>2026-01-01T01:18:34.220000Z</time></trkpt>
<trkpt lat="-6.3748802" lon="106.8323798"><time>2026-01-01T01:18:35.220000Z</time></trkpt>
<trkpt lat="-6.3749416" lon="106.8323694"><time>2026-01-01T01:18:36.220000Z</time></trkpt>
<trkpt lat="-6.3750030" lon="106.8323590"><time>2026-01-01T01:18:37.220000Z</time></trkpt>
<trkpt lat="-6.3750510" lon="106.8323510"><time>2026-01-01T01:18:38.220000Z</time></trkpt>
<trkpt lat="-6.3751190" lon="106.8323380"><time>2026-01-01T01:18:39.220000Z</time></trkpt>
<trkpt lat="-6.3751585" lon="106.8323320"><time>2026-01-01T01:18:40.220000Z</time></trkpt>
<trkpt lat="-6.3751980" lon="106.8323260"><time>2026-01-01T01:18:41.220000Z</time></trkpt>
<trkpt lat="-6.3752635" lon="106.8323155"><time>2026-01-01T01:18:42.220000Z</time></trkpt>
<trkpt lat="-6.3753290" lon="106.8323050"><time>2026-01-01T01:18:43.220000Z</time></trkpt>
<trkpt lat="-6.3753945" lon="106.8322945"><time>2026-01-01T01:18:44.220000Z</time></trkpt>
<trkpt lat="-6.3754600" lon="106.8322840"><time>2026-01-01T01:18:45.220000Z</time></trkpt>
<trkpt lat="-6.3755255" lon="106.8322735"><time>2026-01-01T01:18:46.220000Z</time></trkpt>
<trkpt lat="-6.3755910" lon="106.8322630"><time>2026-01-01T01:18:47.220000Z</time></trkpt>
<trkpt lat="-6.3756565" lon="106.8322525"><time>2026-01-01T01:18:48.220000Z</time></trkpt>
<trkpt lat="-6.3757220" lon="106.8322420"><time>2026-01-01T01:18:49.220000Z</time></trkpt>
<trkpt lat="-6.3757650" lon="106.8322360"><time>2026-01-01T01:18:50.220000Z</time></trkpt>
<trkpt lat="-6.3758185" lon="106.8322270"><time>2026-01-01T01:18:51.220000Z</time></trkpt>
<trkpt lat="-6.3758720" lon="106.8322180"><time>2026-01-01T01:18:52.220000Z</time></trkpt>
<trkpt lat="-6.3759386" lon="106.8322022"><time>2026-01-01T01:18:53.220000Z</time></trkpt>
<trkpt lat="-6.3760053" lon="106.8321865"><time>2026-01-01T01:18:54.220000Z</time></trkpt>
<trkpt lat="-6.3760719" lon="106.8321708"><time>2026-01-01T01:18:55.220000Z</time></trkpt>
<trkpt lat="-6.3761385" lon="106.8321550"><time>2026-01-01T01:18:56.220000Z</time></trkpt>
<trkpt lat="-6.3762051" lon="106.8321392"><time>2026-01-01T01:18:57.220000Z</time></trkpt>
<trkpt lat="-6.3762717" lon="106.8321235"><time>2026-01-01T01:18:58.220000Z</time></trkpt>
<trkpt lat="-6.3763384" lon="106.8321078"><time>2026-01-01T01:18:59.220000Z</time></trkpt>
<trkpt lat="-6.3764050" lon="106.8320920"><time>2026-01-01T01:19:00.220000Z</time></trkpt>
<trkpt lat="-6.3764742" lon="106.8320750"><time>2026-01-01T01:19:01.220000Z</time></trkpt>
<trkpt lat="-6.3765433" lon="106.8320580"><time>2026-01-01T01:19:02.220000Z</time></trkpt>
<trkpt lat="-6.3766125" lon="106.8320410"><time>2026-01-01T01:19:03.220000Z</time></trkpt>
<trkpt lat="-6.3766817" lon="106.8320240"><time>2026-01-01T01:19:04.220000Z</time></trkpt>
<trkpt lat="-6.3767508" lon="106.8320070"><time>2026-01-01T01:19:05.220000Z</time></trkpt>
<trkpt lat="-6.3768200" lon="106.8319900"><time>2026-01-01T01:19:06.220000Z</time></trkpt>
<trkpt lat="-6.3768820" lon="106.8319720"><time>2026-01-01T01:19:07.220000Z</time></trkpt>
<trkpt lat="-6.3769370" lon="106.8319550"><time>2026-01-01T01:19:08.220000Z</time></trkpt>
<trkpt lat="-6.3769990" lon="106.8319377"><time>2026-01-01T01:19:09.220000Z</time></trkpt>
<trkpt lat="-6.3770610" lon="106.8319203"><time>2026-01-01T01:19:10.220000Z</time></trkpt>
<trkpt lat="-6.3771230" lon="106.8319030"><time>2026-01-01T01:19:11.220000Z</time></trkpt>
<trkpt lat="-6.3771900" lon="106.8318859"><time>2026-01-01T01:19:12.220000Z</time></trkpt>
<trkpt lat="-6.3772570" lon="106.8318688"><time>2026-01-01T01:19:13.220000Z</time></trkpt>
<trkpt lat="-6.3773240" lon="106.8318517"><time>2026-01-01T01:19:14.220000Z</time></trkpt>
<trkpt lat="-6.3773910" lon="106.8318346"><time>2026-01-01T01:19:15.220000Z</time></trkpt>
<trkpt lat="-6.3774580" lon="106.8318174"><time>2026-01-01T01:19:16.220000Z</time></trkpt>
<trkpt lat="-6.3775250" lon="106.8318003"><time>2026-01-01T01:19:17.220000Z</time></trkpt>
<trkpt lat="-6.3775920" lon="106.8317832"><time>2026-01-01T01:19:18.220000Z</time></trkpt>
<trkpt lat="-6.3776590" lon="106.8317661"><time>2026-01-01T01:19:19.220000Z</time></trkpt>
<trkpt lat="-6.3777260" lon="106.8317490"><time>2026-01-01T01:19:20.220000Z</time></trkpt>
<trkpt lat="-6.3777750" lon="106.8317510"><time>2026-01-01T01:19:21.220000Z</time></trkpt>
<trkpt lat="-6.3778240" lon="106.8317530"><time>2026-01-01T01:19:22.220000Z</time></trkpt>
<trkpt lat="-6.3778860" lon="106.8317303"><time>2026-01-01T01:19:23.220000Z</time></trkpt>
<trkpt lat="-6.3779480" lon="106.8317077"><time>2026-01-01T01:19:24.220000Z</time></trkpt>
<trkpt lat="-6.3780100" lon="106.8316850"><time>2026-01-01T01:19:25.220000Z</time></trkpt>
<trkpt lat="-6.3780720" lon="106.8316623"><time>2026-01-01T01:19:26.220000Z</time></trkpt>
<trkpt lat="-6.3781340" lon="106.8316397"><time>2026-01-01T01:19:27.220000Z</time></trkpt>
<trkpt lat="-6.3781960" lon="106.8316170"><time>2026-01-01T01:19:28.220000Z</time></trkpt>
<trkpt lat="-6.3782613" lon="106.8315940"><time>2026-01-01T01:19:29.220000Z</time></trkpt>
<trkpt lat="-6.3783266" lon="106.8315710"><time>2026-01-01T01:19:30.220000Z</time></trkpt>
<trkpt lat="-6.3783919" lon="106.8315480"><time>2026-01-01T01:19:31.220000Z</time></trkpt>
<trkpt lat="-6.3784571" lon="106.8315250"><time>2026-01-01T01:19:32.220000Z</time></trkpt>
<trkpt lat="-6.3785224" lon="106.8315020"><time>2026-01-01T01:19:33.220000Z</time></trkpt>
<trkpt lat="-6.3785877" lon="106.8314790"><time>2026-01-01T01:19:34.220000Z</time></trkpt>
<trkpt lat="-6.3786530" lon="106.8314560"><time>2026-01-01T01:19:35.220000Z</time></trkpt>
<trkpt lat="-6.3787168" lon="106.8314316"><time>2026-01-01T01:19:36.220000Z</time></trkpt>
<trkpt lat="-6.3787806" lon="106.8314073"><time>2026-01-01T01:19:37.220000Z</time></trkpt>
<trkpt lat="-6.3788445" lon="106.8313829"><time>2026-01-01T01:19:38.220000Z</time></trkpt>
<trkpt lat="-6.3789083" lon="106.8313585"><time>2026-01-01T01:19:39.220000Z</time></trkpt>
<trkpt lat="-6.3789721" lon="106.8313342"><time>2026-01-01T01:19:40.220000Z</time></trkpt>
<trkpt lat="-6.3790359" lon="106.8313098"><time>2026-01-01T01:19:41.220000Z</time></trkpt>
<trkpt lat="-6.3790997" lon="106.8312855"><time>2026-01-01T01:19:42.220000Z</time></trkpt>
<trkpt lat="-6.3791635" lon="106.8312611"><time>2026-01-01T01:19:43.220000Z</time></trkpt>
<trkpt lat="-6.3792274" lon="106.8312367"><time>2026-01-01T01:19:44.220000Z</time></trkpt>
<trkpt lat="-6.3792912" lon="106.8312124"><time>2026-01-01T01:19:45.220000Z</time></trkpt>
<trkpt lat="-6.3793550" lon="106.8311880"><time>2026-01-01T01:19:46.220000Z</time></trkpt>
<trkpt lat="-6.3794213" lon="106.8311628"><time>2026-01-01T01:19:47.220000Z</time></trkpt>
<trkpt lat="-6.3794877" lon="106.8311377"><time>2026-01-01T01:19:48.220000Z</time></trkpt>
<trkpt lat="-6.3795540" lon="106.8311125"><time>2026-01-01T01:19:49.220000Z</time></trkpt>
<trkpt lat="-6.3796203" lon="106.8310873"><time>2026-01-01T01:19:50.220000Z</time></trkpt>
<trkpt lat="-6.3796867" lon="106.8310622"><time>2026-01-01T01:19:51.220000Z</time></trkpt>
<trkpt lat="-6.3797530" lon="106.8310370"><time>2026-01-01T01:19:52.220000Z</time></trkpt>
<trkpt lat="-6.3798193" lon="106.8310118"><time>2026-01-01T01:19:53.220000Z</time></trkpt>
<trkpt lat="-6.3798857" lon="106.8309867"><time>2026-01-01T01:19:54.220000Z</time></trkpt>
<trkpt lat="-6.3799520" lon="106.8309615"><time>2026-01-01T01:19:55.220000Z</time></trkpt>
<trkpt lat="-6.3800183" lon="106.8309363"><time>2026-01-01T01:19:56.220000Z</time></trkpt>
<trkpt lat="-6.3800847" lon="106.8309112"><time>2026-01-01T01:19:57.220000Z</time></trkpt>
<trkpt lat="-6.3801510" lon="106.8308860"><time>2026-01-01T01:19:58.220000Z</time></trkpt>
<trkpt lat="-6.3802110" lon="106.8308620"><time>2026-01-01T01:19:59.220000Z</time></trkpt>
<trkpt lat="-6.3802765" lon="106.8308355"><time>2026-01-01T01:20:00.220000Z</time></trkpt>
<trkpt lat="-6.3803420" lon="106.8308090"><time>2026-01-01T01:20:01.220000Z</time></trkpt>
<trkpt lat="-6.3804011" lon="106.8307868"><time>2026-01-01T01:20:02.220000Z</time></trkpt>
<trkpt lat="-6.3804602" lon="106.8307645"><time>2026-01-01T01:20:03.220000Z</time></trkpt>
<trkpt lat="-6.3805194" lon="106.8307423"><time>2026-01-01T01:20:04.220000Z</time></trkpt>
<trkpt lat="-6.3805785" lon="106.8307200"><time>2026-01-01T01:20:05.220000Z</time></trkpt>
<trkpt lat="-6.3806376" lon="106.8306977"><time>2026-01-01T01:20:06.220000Z</time></trkpt>
<trkpt lat="-6.3806968" lon="106.8306755"><time>2026-01-01T01:20:07.220000Z</time></trkpt>
<trkpt lat="-6.3807559" lon="106.8306532"><time>2026-01-01T01:20:08.220000Z</time></trkpt>
<trkpt lat="-6.3808150" lon="106.8306310"><time>2026-01-01T01:20:09.220000Z</time></trkpt>
<trkpt lat="-6.3808810" lon="106.8306055"><time>2026-01-01T01:20:10.220000Z</time></trkpt>
<trkpt lat="-6.3809470" lon="106.8305800"><time>2026-01-01T01:20:11.220000Z</time></trkpt>
<trkpt lat="-6.3809997" lon="106.8305602"><time>2026-01-01T01:20:12.220000Z</time></trkpt>
<trkpt lat="-6.3810525" lon="106.8305405"><time>2026-01-01T01:20:13.220000Z</time></trkpt>
<trkpt lat="-6.3811053" lon="106.8305208"><time>2026-01-01T01:20:14.220000Z</time></trkpt>
<trkpt lat="-6.3811580" lon="106.8305010"><time>2026-01-01T01:20:15.220000Z</time></trkpt>
<trkpt lat="-6.3812190" lon="106.8304767"><time>2026-01-01T01:20:16.220000Z</time></trkpt>
<trkpt lat="-6.3812800" lon="106.8304524"><time>2026-01-01T01:20:17.220000Z</time></trkpt>
<trkpt lat="-6.3813410" lon="106.8304281"><time>2026-01-01T01:20:18.220000Z</time></trkpt>
<trkpt lat="-6.3814020" lon="106.8304038"><time>2026-01-01T01:20:19.220000Z</time></trkpt>
<trkpt lat="-6.3814630" lon="106.8303795"><time>2026-01-01T01:20:20.220000Z</time></trkpt>
<trkpt lat="-6.3815240" lon="106.8303552"><time>2026-01-01T01:20:21.220000Z</time></trkpt>
<trkpt lat="-6.3815850" lon="106.8303309"><time>2026-01-01T01:20:22.220000Z</time></trkpt>
<trkpt lat="-6.3816460" lon="106.8303066"><time>2026-01-01T01:20:23.220000Z</time></trkpt>
<trkpt lat="-6.3817070" lon="106.8302823"><time>2026-01-01T01:20:24.220000Z</time></trkpt>
<trkpt lat="-6.3817680" lon="106.8302580"><time>2026-01-01T01:20:25.220000Z</time></trkpt>
<trkpt lat="-6.3818296" lon="106.8302347"><time>2026-01-01T01:20:26.220000Z</time></trkpt>
<trkpt lat="-6.3818911" lon="106.8302114"><time>2026-01-01T01:20:27.220000Z</time></trkpt>
<trkpt lat="-6.3819527" lon="106.8301881"><time>2026-01-01T01:20:28.220000Z</time></trkpt>
<trkpt lat="-6.3820143" lon="106.8301649"><time>2026-01-01T01:20:29.220000Z</time></trkpt>
<trkpt lat="-6.3820759" lon="106.8301416"><time>2026-01-01T01:20:30.220000Z</time></trkpt>
<trkpt lat="-6.3821374" lon="106.8301183"><time>2026-01-01T01:20:31.220000Z</time></trkpt>
<trkpt lat="-6.3821990" lon="106.8300950"><time>2026-01-01T01:20:32.220000Z</time></trkpt>
<trkpt lat="-6.3822350" lon="106.8300810"><time>2026-01-01T01:20:33.220000Z</time></trkpt>
<trkpt lat="-6.3822905" lon="106.8300600"><time>2026-01-01T01:20:34.220000Z</time></trkpt>
<trkpt lat="-6.3823460" lon="106.8300390"><time>2026-01-01T01:20:35.220000Z</time></trkpt>
<trkpt lat="-6.3823900" lon="106.8300225"><time>2026-01-01T01:20:36.220000Z</time></trkpt>
<trkpt lat="-6.3824340" lon="106.8300060"><time>2026-01-01T01:20:37.220000Z</time></trkpt>
<trkpt lat="-6.3824760" lon="106.8299890"><time>2026-01-01T01:20:38.220000Z</time></trkpt>
<trkpt lat="-6.3825180" lon="106.8299720"><time>2026-01-01T01:20:39.220000Z</time></trkpt>
<trkpt lat="-6.3825815" lon="106.8299486"><time>2026-01-01T01:20:40.220000Z</time></trkpt>
<trkpt lat="-6.3826450" lon="106.8299253"><time>2026-01-01T01:20:41.220000Z</time></trkpt>
<trkpt lat="-6.3827085" lon="106.8299019"><time>2026-01-01T01:20:42.220000Z</time></trkpt>
<trkpt lat="-6.3827720" lon="106.8298785"><time>2026-01-01T01:20:43.220000Z</time></trkpt>
<trkpt lat="-6.3828355" lon="106.8298551"><time>2026-01-01T01:20:44.220000Z</time></trkpt>
<trkpt lat="-6.3828990" lon="106.8298317"><time>2026-01-01T01:20:45.220000Z</time></trkpt>
<trkpt lat="-6.3829625" lon="106.8298084"><time>2026-01-01T01:20:46.220000Z</time></trkpt>
<trkpt lat="-6.3830260" lon="106.8297850"><time>2026-01-01T01:20:47.220000Z</time></trkpt>
<trkpt lat="-6.3830923" lon="106.8297603"><time>2026-01-01T01:20:48.220000Z</time></trkpt>
<trkpt lat="-6.3831587" lon="106.8297357"><time>2026-01-01T01:20:49.220000Z</time></trkpt>
<trkpt lat="-6.3832250" lon="106.8297110"><time>2026-01-01T01:20:50.220000Z</time></trkpt>
<trkpt lat="-6.3832919" lon="106.8296848"><time>2026-01-01T01:20:51.220000Z</time></trkpt>
<trkpt lat="-6.3833588" lon="106.8296586"><time>2026-01-01T01:20:52.220000Z</time></trkpt>
<trkpt lat="-6.3834257" lon="106.8296323"><time>2026-01-01T01:20:53.220000Z</time></trkpt>
<trkpt lat="-6.3834926" lon="106.8296061"><time>2026-01-01T01:20:54.220000Z</time></trkpt>
<trkpt lat="-6.3835594" lon="106.8295799"><time>2026-01-01T01:20:55.220000Z</time></trkpt>
<trkpt lat="-6.3836263" lon="106.8295537"><time>2026-01-01T01:20:56.220000Z</time></trkpt>
<trkpt lat="-6.3836932" lon="106.8295274"><time>2026-01-01T01:20:57.220000Z</time></trkpt>
<trkpt lat="-6.3837601" lon="106.8295012"><time>2026-01-01T01:20:58.220000Z</time></trkpt>
<trkpt lat="-6.3838270" lon="106.8294750"><time>2026-01-01T01:20:59.220000Z</time></trkpt>
<trkpt lat="-6.3838798" lon="106.8294545"><time>2026-01-01T01:21:00.220000Z</time></trkpt>
<trkpt lat="-6.3839325" lon="106.8294340"><time>2026-01-01T01:21:01.220000Z</time></trkpt>
<trkpt lat="-6.3839853" lon="106.8294135"><time>2026-01-01T01:21:02.220000Z</time></trkpt>
<trkpt lat="-6.3840380" lon="106.8293930"><time>2026-01-01T01:21:03.220000Z</time></trkpt>
<trkpt lat="-6.3840880" lon="106.8293735"><time>2026-01-01T01:21:04.220000Z</time></trkpt>
<trkpt lat="-6.3841380" lon="106.8293540"><time>2026-01-01T01:21:05.220000Z</time></trkpt>
<trkpt lat="-6.3842038" lon="106.8293278"><time>2026-01-01T01:21:06.220000Z</time></trkpt>
<trkpt lat="-6.3842695" lon="106.8293015"><time>2026-01-01T01:21:07.220000Z</time></trkpt>
<trkpt lat="-6.3843353" lon="106.8292752"><time>2026-01-01T01:21:08.220000Z</time></trkpt>
<trkpt lat="-6.3844010" lon="106.8292490"><time>2026-01-01T01:21:09.220000Z</time></trkpt>
<trkpt lat="-6.3844540" lon="106.8292283"><time>2026-01-01T01:21:10.220000Z</time></trkpt>
<trkpt lat="-6.3845070" lon="106.8292077"><time>2026-01-01T01:21:11.220000Z</time></trkpt>
<trkpt lat="-6.3845600" lon="106.8291870"><time>2026-01-01T01:21:12.220000Z</time></trkpt>
<trkpt lat="-6.3846220" lon="106.8291640"><time>2026-01-01T01:21:13.220000Z</time></trkpt>
<trkpt lat="-6.3846843" lon="106.8291403"><time>2026-01-01T01:21:14.220000Z</time></trkpt>
<trkpt lat="-6.3847465" lon="106.8291165"><time>2026-01-01T01:21:15.220000Z</time></trkpt>
<trkpt lat="-6.3848088" lon="106.8290928"><time>2026-01-01T01:21:16.220000Z</time></trkpt>
<trkpt lat="-6.3848710" lon="106.8290690"><time>2026-01-01T01:21:17.220000Z</time></trkpt>
<trkpt lat="-6.3849257" lon="106.8290473"><time>2026-01-01T01:21:18.220000Z</time></trkpt>
<trkpt lat="-6.3849803" lon="106.8290257"><time>2026-01-01T01:21:19.220000Z</time></trkpt>
<trkpt lat="-6.3850350" lon="106.8290040"><time>2026-01-01T01:21:20.220000Z</time></trkpt>
<trkpt lat="-6.3850780" lon="106.8289870"><time>2026-01-01T01:21:21.220000Z</time></trkpt>
<trkpt lat="-6.3851210" lon="106.8289700"><time>2026-01-01T01:21:22.220000Z</time></trkpt>
<trkpt lat="-6.3851849" lon="106.8289458"><time>2026-01-01T01:21:23.220000Z</time></trkpt>
<trkpt lat="-6.3852487" lon="106.8289215"><time>2026-01-01T01:21:24.220000Z</time></trkpt>
<trkpt lat="-6.3853126" lon="106.8288972"><time>2026-01-01T01:21:25.220000Z</time></trkpt>
<trkpt lat="-6.3853765" lon="106.8288730"><time>2026-01-01T01:21:26.220000Z</time></trkpt>
<trkpt lat="-6.3854404" lon="106.8288488"><time>2026-01-01T01:21:27.220000Z</time></trkpt>
<trkpt lat="-6.3855043" lon="106.8288245"><time>2026-01-01T01:21:28.220000Z</time></trkpt>
<trkpt lat="-6.3855681" lon="106.8288003"><time>2026-01-01T01:21:29.220000Z</time></trkpt>
<trkpt lat="-6.3856320" lon="106.8287760"><time>2026-01-01T01:21:30.220000Z</time></trkpt>
<trkpt lat="-6.3856790" lon="106.8287553"><time>2026-01-01T01:21:31.220000Z</time></trkpt>
<trkpt lat="-6.3857260" lon="106.8287347"><time>2026-01-01T01:21:32.220000Z</time></trkpt>
<trkpt lat="-6.3857730" lon="106.8287140"><time>2026-01-01T01:21:33.220000Z</time></trkpt>
<trkpt lat="-6.3858287" lon="106.8286863"><time>2026-01-01T01:21:34.220000Z</time></trkpt>
<trkpt lat="-6.3858845" lon="106.8286585"><time>2026-01-01T01:21:35.220000Z</time></trkpt>
<trkpt lat="-6.3859402" lon="106.8286308"><time>2026-01-01T01:21:36.220000Z</time></trkpt>
<trkpt lat="-6.3859960" lon="106.8286030"><time>2026-01-01T01:21:37.220000Z</time></trkpt>
<trkpt lat="-6.3860457" lon="106.8285723"><time>2026-01-01T01:21:38.220000Z</time></trkpt>
<trkpt lat="-6.3860955" lon="106.8285415"><time>2026-01-01T01:21:39.220000Z</time></trkpt>
<trkpt lat="-6.3861453" lon="106.8285107"><time>2026-01-01T01:21:40.220000Z</time></trkpt>
<trkpt lat="-6.3861950" lon="106.8284800"><time>2026-01-01T01:21:41.220000Z</time></trkpt>
<trkpt lat="-6.3862415" lon="106.8284445"><time>2026-01-01T01:21:42.220000Z</time></trkpt>
<trkpt lat="-6.3862880" lon="106.8284090"><time>2026-01-01T01:21:43.220000Z</time></trkpt>
<trkpt lat="-6.3863245" lon="106.8283815"><time>2026-01-01T01:21:44.220000Z</time></trkpt>
<trkpt lat="-6.3863610" lon="106.8283540"><time>2026-01-01T01:21:45.220000Z</time></trkpt>
<trkpt lat="-6.3864146" lon="106.8283086"><time>2026-01-01T01:21:46.220000Z</time></trkpt>
<trkpt lat="-6.3864682" lon="106.8282632"><time>2026-01-01T01:21:47.220000Z</time></trkpt>
<trkpt lat="-6.3865218" lon="106.8282178"><time>2026-01-01T01:21:48.220000Z</time></trkpt>
<trkpt lat="-6.3865754" lon="106.8281724"><time>2026-01-01T01:21:49.220000Z</time></trkpt>
<trkpt lat="-6.3866290" lon="106.8281270"><time>2026-01-01T01:21:50.220000Z</time></trkpt>
<trkpt lat="-6.3866550" lon="106.8281040"><time>2026-01-01T01:21:51.220000Z</time></trkpt>
<trkpt lat="-6.3867036" lon="106.8280640"><time>2026-01-01T01:21:52.220000Z</time></trkpt>
<trkpt lat="-6.3867522" lon="106.8280240"><time>2026-01-01T01:21:53.220000Z</time></trkpt>
<trkpt lat="-6.3868008" lon="106.8279840"><time>2026-01-01T01:21:54.220000Z</time></trkpt>
<trkpt lat="-6.3868494" lon="106.8279440"><time>2026-01-01T01:21:55.220000Z</time></trkpt>
<trkpt lat="-6.3868980" lon="106.8279040"><time>2026-01-01T01:21:56.220000Z</time></trkpt>
<trkpt lat="-6.3869438" lon="106.8278666"><time>2026-01-01T01:21:57.220000Z</time></trkpt>
<trkpt lat="-6.3869896" lon="106.8278292"><time>2026-01-01T01:21:58.220000Z</time></trkpt>
<trkpt lat="-6.3870354" lon="106.8277918"><time>2026-01-01T01:21:59.220000Z</time></trkpt>
<trkpt lat="-6.3870812" lon="106.8277544"><time>2026-01-01T01:22:00.220000Z</time></trkpt>
<trkpt lat="-6.3871270" lon="106.8277170"><time>2026-01-01T01:22:01.220000Z</time></trkpt>
<trkpt lat="-6.3871645" lon="106.8276820"><time>2026-01-01T01:22:02.220000Z</time></trkpt>
<trkpt lat="-6.3872020" lon="106.8276470"><time>2026-01-01T01:22:03.220000Z</time></trkpt>
<trkpt lat="-6.3872482" lon="106.8276085"><time>2026-01-01T01:22:04.220000Z</time></trkpt>
<trkpt lat="-6.3872943" lon="106.8275700"><time>2026-01-01T01:22:05.220000Z</time></trkpt>
<trkpt lat="-6.3873405" lon="106.8275315"><time>2026-01-01T01:22:06.220000Z</time></trkpt>
<trkpt lat="-6.3873867" lon="106.8274930"><time>2026-01-01T01:22:07.220000Z</time></trkpt>
<trkpt lat="-6.3874328" lon="106.8274545"><time>2026-01-01T01:22:08.220000Z</time></trkpt>
<trkpt lat="-6.3874790" lon="106.8274160"><time>2026-01-01T01:22:09.220000Z</time></trkpt>
<trkpt lat="-6.3875215" lon="106.8273785"><time>2026-01-01T01:22:10.220000Z</time></trkpt>
<trkpt lat="-6.3875640" lon="106.8273410"><time>2026-01-01T01:22:11.220000Z</time></trkpt>
<trkpt lat="-6.3876127" lon="106.8272987"><time>2026-01-01T01:22:12.220000Z</time></trkpt>
<trkpt lat="-6.3876613" lon="106.8272563"><time>2026-01-01T01:22:13.220000Z</time></trkpt>
<trkpt lat="-6.3877100" lon="106.8272140"><time>2026-01-01T01:22:14.220000Z</time></trkpt>
<trkpt lat="-6.3877598" lon="106.8271703"><time>2026-01-01T01:22:15.220000Z</time></trkpt>
<trkpt lat="-6.3878096" lon="106.8271266"><time>2026-01-01T01:22:16.220000Z</time></trkpt>
<trkpt lat="-6.3878594" lon="106.8270829"><time>2026-01-01T01:22:17.220000Z</time></trkpt>
<trkpt lat="-6.3879092" lon="106.8270392"><time>2026-01-01T01:22:18.220000Z</time></trkpt>
<trkpt lat="-6.3879590" lon="106.8269955"><time>2026-01-01T01:22:19.220000Z</time></trkpt>
<trkpt lat="-6.3880088" lon="106.8269518"><time>2026-01-01T01:22:20.220000Z</time></trkpt>
<trkpt lat="-6.3880586" lon="106.8269081"><time>2026-01-01T01:22:21.220000Z</time></trkpt>
<trkpt lat="-6.3881084" lon="106.8268644"><time>2026-01-01T01:22:22.220000Z</time></trkpt>
<trkpt lat="-6.3881582" lon="106.8268207"><time>2026-01-01T01:22:23.220000Z</time></trkpt>
<trkpt lat="-6.3882080" lon="106.8267770"><time>2026-01-01T01:22:24.220000Z</time></trkpt>
<trkpt lat="-6.3882600" lon="106.8267390"><time>2026-01-01T01:22:25.220000Z</time></trkpt>
<trkpt lat="-6.3882997" lon="106.8267083"><time>2026-01-01T01:22:26.220000Z</time></trkpt>
<trkpt lat="-6.3883393" lon="106.8266777"><time>2026-01-01T01:22:27.220000Z</time></trkpt>
<trkpt lat="-6.3883790" lon="106.8266470"><time>2026-01-01T01:22:28.220000Z</time></trkpt>
<trkpt lat="-6.3884322" lon="106.8266108"><time>2026-01-01T01:22:29.220000Z</time></trkpt>
<trkpt lat="-6.3884855" lon="106.8265745"><time>2026-01-01T01:22:30.220000Z</time></trkpt>
<trkpt lat="-6.3885388" lon="106.8265382"><time>2026-01-01T01:22:31.220000Z</time></trkpt>
<trkpt lat="-6.3885920" lon="106.8265020"><time>2026-01-01T01:22:32.220000Z</time></trkpt>
<trkpt lat="-6.3886375" lon="106.8264728"><time>2026-01-01T01:22:33.220000Z</time></trkpt>
<trkpt lat="-6.3886830" lon="106.8264435"><time>2026-01-01T01:22:34.220000Z</time></trkpt>
<trkpt lat="-6.3887285" lon="106.8264142"><time>2026-01-01T01:22:35.220000Z</time></trkpt>
<trkpt lat="-6.3887740" lon="106.8263850"><time>2026-01-01T01:22:36.220000Z</time></trkpt>
<trkpt lat="-6.3888271" lon="106.8263523"><time>2026-01-01T01:22:37.220000Z</time></trkpt>
<trkpt lat="-6.3888803" lon="106.8263196"><time>2026-01-01T01:22:38.220000Z</time></trkpt>
<trkpt lat="-6.3889334" lon="106.8262869"><time>2026-01-01T01:22:39.220000Z</time></trkpt>
<trkpt lat="-6.3889866" lon="106.8262541"><time>2026-01-01T01:22:40.220000Z</time></trkpt>
<trkpt lat="-6.3890397" lon="106.8262214"><time>2026-01-01T01:22:41.220000Z</time></trkpt>
<trkpt lat="-6.3890929" lon="106.8261887"><time>2026-01-01T01:22:42.220000Z</time></trkpt>
<trkpt lat="-6.3891460" lon="106.8261560"><time>2026-01-01T01:22:43.220000Z</time></trkpt>
<trkpt lat="-6.3891973" lon="106.8261287"><time>2026-01-01T01:22:44.220000Z</time></trkpt>
<trkpt lat="-6.3892485" lon="106.8261015"><time>2026-01-01T01:22:45.220000Z</time></trkpt>
<trkpt lat="-6.3892997" lon="106.8260743"><time>2026-01-01T01:22:46.220000Z</time></trkpt>
<trkpt lat="-6.3893510" lon="106.8260470"><time>2026-01-01T01:22:47.220000Z</time></trkpt>
<trkpt lat="-6.3894027" lon="106.8260215"><time>2026-01-01T01:22:48.220000Z</time></trkpt>
<trkpt lat="-6.3894545" lon="106.8259960"><time>2026-01-01T01:22:49.220000Z</time></trkpt>
<trkpt lat="-6.3895063" lon="106.8259705"><time>2026-01-01T01:22:50.220000Z</time></trkpt>
<trkpt lat="-6.3895580" lon="106.8259450"><time>2026-01-01T01:22:51.220000Z</time></trkpt>
<trkpt lat="-6.3896174" lon="106.8259168"><time>2026-01-01T01:22:52.220000Z</time></trkpt>
<trkpt lat="-6.3896768" lon="106.8258886"><time>2026-01-01T01:22:53.220000Z</time></trkpt>
<trkpt lat="-6.3897362" lon="106.8258604"><time>2026-01-01T01:22:54.220000Z</time></trkpt>
<trkpt lat="-6.3897956" lon="106.8258322"><time>2026-01-01T01:22:55.220000Z</time></trkpt>
<trkpt lat="-6.3898550" lon="106.8258040"><time>2026-01-01T01:22:56.220000Z</time></trkpt>
<trkpt lat="-6.3899144" lon="106.8257758"><time>2026-01-01T01:22:57.220000Z</time></trkpt>
<trkpt lat="-6.3899738" lon="106.8257476"><time>2026-01-01T01:22:58.220000Z</time></trkpt>
<trkpt lat="-6.3900332" lon="106.8257194"><time>2026-01-01T01:22:59.220000Z</time></trkpt>
<trkpt lat="-6.3900926" lon="106.8256912"><time>2026-01-01T01:23:00.220000Z</time></trkpt>
<trkpt lat="-6.3901520" lon="106.8256630"><time>2026-01-01T01:23:01.220000Z</time></trkpt>
<trkpt lat="-6.3901970" lon="106.8256420"><time>2026-01-01T01:23:02.220000Z</time></trkpt>
<trkpt lat="-6.3902190" lon="106.8256300"><time>2026-01-01T01:23:03.220000Z</time></trkpt>
<trkpt lat="-6.3902780" lon="106.8255990"><time>2026-01-01T01:23:04.220000Z</time></trkpt>
<trkpt lat="-6.3903370" lon="106.8255680"><time>2026-01-01T01:23:05.220000Z</time></trkpt>
<trkpt lat="-6.3903960" lon="106.8255370"><time>2026-01-01T01:23:06.220000Z</time></trkpt>
<trkpt lat="-6.3904550" lon="106.8255060"><time>2026-01-01T01:23:07.220000Z</time></trkpt>
<trkpt lat="-6.3905140" lon="106.8254750"><time>2026-01-01T01:23:08.220000Z</time></trkpt>
<trkpt lat="-6.3905730" lon="106.8254440"><time>2026-01-01T01:23:09.220000Z</time></trkpt>
<trkpt lat="-6.3906320" lon="106.8254130"><time>2026-01-01T01:23:10.220000Z</time></trkpt>
<trkpt lat="-6.3906910" lon="106.8253820"><time>2026-01-01T01:23:11.220000Z</time></trkpt>
</trkseg></trk></gpx>
